,,,,,,,
 ,Уровень,Класс,Характеристики/Описание,Рецепт,,,
"Для Поиска используьте ctrl+F, В случае не совпадения с таблицей описания, пишите в баг репортах",,,,,Название предмета,Характеристики/Описание,Рецепт
Ружье,1,"Снайпер,   Сталкер",Атака +36,Портал в Пиратскую Бухту,Жаренная Форель,"Еда +12, Восстановить 2% Мп","Тигровая форель
(Плавильная печь)"
Базука,1,Ракетчик,Атака +60,Портал в Пиратскую Бухту,Жаренный Синехвостик,"Еда +4, Восстановить 2% Мп","Пещерный синехвостик
(Плавильная печь)"
Огнемет,1,Пироманьяк,Атака +30,Портал в Пиратскую Бухту,Жаренная зубатка,"Еда +8, Восстановить 2% Мп","Пещерная зубатка
(Плавильная печь)"
Пулемет,1,Пулеметчик,Атака +35,Портал в Пиратскую Бухту,Феле мана-угря,Восстановить 20% Мп,"Мана-угорь
(Плавильная печь)"
Питарды,1,Подрывник,Атака +50,Портал в Пиратскую Бухту,Копченные водоросли,Еда +4,"Водоросли
(Плавильная печь)"
Шарострел,1,"Медик,    Инженер",Атака +30,Портал в Пиратскую Бухту,Жаренная вонючка,"Еда +12, Восстановить 2% Мп","Бескостная вонючка
(Плавильная печь)"
Арканитовое ружье,1,"Снайпер,   Сталкер",Атака +155,"Ружье
Арканитовый слиток х5",Жаренная крысятинка,Еда +12,"Крысятинка
(Плавильная печь)"
Арканитовая ракетница,1,Ракетчик,Атака +300,"Базука
Арканитовый слиток х5",Жареный грыбочек,"Еда +8, Восстановить 2% Мп","Съедобный грыбоче
(Плавильная печь)"
Арканитовый огнемет,1,Пироманьяк,Атака +150,"Огнемет
Арканитовый слиток х5","Котлетки ""Обжорка""",Еда +40,"Жаренная крысятинка
Жаренные грибочки
(Плавильная печь)"
Арканитовый пулемет,1,Пулеметчик,Атака +175 ,"Пулемет
Арканитовый слиток х5",Потрясная Жрачка,Еда +60,"Волшебная приправа
Жаренная вонючка
(Плавильная печь)"
Арканитовые гранаты,1,Подрывник,Атака +300,"Питарды
Арканитовый слиток х5",Потрясная Жрачка,Еда +60,"Волшебная приправа
Жаренная зубатка
(Плавильная печь)"
Арканитовый шарострел,1,"Медик,    Инженер",Атака +200,"Шарострел
Арканитовый слиток х5",Потрясная Жрачка,Еда +60,"Волшебная приправа
Жаренная форель
(Плавильная печь)"
Гоблинский шлем-котелок,1,,"Хп +200
Защита +2",Портал в Шестермуть,Потрясная Жрачка,Еда +60,"Волшебная приправа
Жаренный синехвостик
(Плавильная печь)"
Магический амулет,1,,"(Актив): Восстанавливает 25 Мп, кд 90 сек.",Портал в Шестермуть,Потрясная Жрачка,Еда +60,"Волшебная приправа
Феле мана-угря
(Плавильная печь)"
Красивая подвеска,1,,Хп +100,Портал в Шестермуть,Потрясная Отбивная,Еда +100,"Волшебная приправа
Жаренное мясо
(Плавильная печь)"
Гоблинский бронежилет,1,,"Хп +100
Защита +3 ",Портал в Шестермуть,Потрясная Отбивная,Еда +100,"Волшебная приправа
Жаренная крысятинка
(Плавильная печь)"
Гоблинские сапоги,1,,Скорость бега +30,Портал в Шестермуть,Потрясный Салат,Еда +50,"Копченые водоросли
Волшебная приправа
(Плавильная печь)"
Гоблинские перчатки,1,,Скорость атаки +0.15,Портал в Шестермуть,Потрясный Салат,Еда +50,"Жаренные грибочки
Волшебная приправа
(Плавильная печь)"
Кожаная накидка,1,,Ловкость +5,Портал в Шестермуть,Жаренное Мясо,Еда +8,"Мясо
(Плавильная печь)"
Железный нагрудник,1,,Сила +5,Портал в Шестермуть,"Салат ""Зеленый""",Еда +20,"Съедобный грыбочек
Водоросли
(Плавильная печь)"
Льняной плащ,1,,Разум +5,Портал в Шестермуть,Секретная вкусняшка,"Секретное лакомство Вертекрутского гоблинского шеф-повара 
Вкуснотеева. Все гоблины получают 350 Еды.","Мясо кодоя
Волшебная приправа
(Плавильная печь)"
Каска взрывника,1,,Сила +15,Портал в Шестермуть,,,
Шапка,1,,Ловкость +15,Портал в Шестермуть,,,
Маска,1,,Разум +15,Портал в Шестермуть,,,
Гоблинский комбинезон,1,,"Хп +300
Скорость атаки +0.15
Защита +5 
Скорость бега +30","Гоблинские перчатки
Гоблинские сапоги
Гоблинский бронежилет
Гоблинский шлем-котелок",,,
Экспедиционный костюмчик,1,,Все статы +5,"Кожаная накидка
Железный нагрудник
Льняной плащ",,,
Каско-шлемо-маска,1,,Все статы +15,"Каска взрывника
Шапка
Маска",,,
Броне-комбез,1,,"Все статы +10
Скорость атаки +0.15
Защита +5 
Скорость бега +30","Гоблинский комбинезон
Экспедиционный костюмчик",,,
Броне-скафандр,2,,"Все статы +25
Скорость атаки +0.2
Защита +15 
Скорость бега +35
Не более 2 шт.","Броне-комбез
Каско-шлемо-маска",,,
Серебряная подвеска,1,,Хп +600,"Красивая подвеска
Серебряный слиток х2",,,
Серебряный амулет,1,,"(Актив): Восстанавливает 30 Мп, кд 90 сек.","Магический амулет
Серебряный слиток х2",,,
Полу-философский камень,3,,"Хп +600
(Актив): Восстанавливает 30 Мп, кд 90 сек.","Серебряная подвеска
Серебряный амулет",,,
Философский камень,5,,"Хп +600
Регенерация Мп +30%
(Актив): Превратить в золото","Полу-философский камень
Увеличительное стеклышко",,,
Железная удочка,1,,(Актив) Шанс выудить рыбку - 55%,"Железный слиток х5
Обычная удочка",,,
Серебрянная удочка,1,,(Актив) Шанс выудить рыбку - 70%,"Серебряный слиток х5
Обычная удочка",,,
Ториевая удочка,1,,(Актив) Шанс выудить рыбку - 85%,"Ториевый слиток х5
Обычная удочка",,,
Арканитовая удочка,1,,"(Актив) Шанс выудить рыбку - 100%, чаще вылавливает редкую рыбку","Арканитовый слиток х5
Обычная удочка",,,
Грибная настойка,1,,"(Актив): Восстановить 500 Хп
Еда +2","Съедобный грыбочек
Целительная жижа",,,
Грибной бульон,1,,"(Актив): Восстановить 800 Хп
Еда +2","Грибная настойка
Гоблинский шлем-котелок",,,
Грибной спирт,1,,"(Актив): Восстановить 30 Мп
Еда +2","Съедобный грыбочек
Освежающая вода",,,
Грибная самогонка,1,,"(Актив): Восстановить 40 Мп
Еда +2","Грибной спирт
Гоблинский шлем-котелок",,,
Слабый энергетик,1,,"(Актив): Восстанавливает 400 Хп и 30 Мп за 30 сек
Лечение прекратится при получении любого урона","Освежающая вода
Целительная жижа
Пустая баночка",,,
Энергетик,1,,"(Актив): Восстанавливает 1000 Хп и 45 Мп за 30 сек
Лечение прекратится при получении любого урона","Грибная настойка
Грибной спирт
Пустая баночка",,,
Сильный энергетик,1,,"(Актив): Восстанавливает 5000 Хп и 60 Мп за 30 сек
Лечение прекратится при получении любого урона","Грибной бульон
Грибная самогонка
Пустая баночка",,,
Книга Времени (1й том),5,,"Все статы +60
Удача +1",В Магазе Центре,,,
Вещи из драгоценностей,,,,,,,
Мультицвет,1,,"Все статы +50
Защита +10
Удача +1","Алмаз
Рубин
Сапфир
Аметист
Изумруд
Топаз",,,
Расплавленные камни,1,,Регенерация хп +25,"Алмаз
Рубин
Сапфир
Аметист
Изумруд
Топаз
[Переплавка за 10 маны]

Мультицвет
[Переплавка за 10 маны]",,,
Рубиновое колечко,5,,"Хп +350
Регенерация Хп +5
(Актив): Восстановить 200 Хп, кд 30 сек. ","Рубин
Серебряный слиток х2",,,
Рубиновое кольцо,10,,"Хп +550
Регенерация Хп +10
(Актив): Восстановить 350 Хп, кд 30 сек.","Рубиновое колечко
Ториевый слиток х2",,,
Рубиновый перстень,15,,"Хп +900
Регенерация Хп +15
(Актив): Восстановить 500 Хп, кд 30 сек.","Рубиновое кольцо
Арканитовый слиток х2",,,
Рубиновый демоно-перстень,25,,"Хп +2000
Регенерация Хп +30
(Актив): Восстановить 2000 Хп, кд 30 сек.","Рубиновый перстень
Демонический камень (x2)
[Создается в Великой Кузнице]",,,
Рубиновый адский перстень,50,,"Хп +10000
Регенерация Хп +140
(Актив): Восстановить 5000 Хп, кд 30 сек.
Аура (сам, союзники 400 AoE) реген хп +100 (не стакается)","Рубиновый демоно-перстень
Перстень Алчности
Эссенция Огня
[Создается в Демонической Кузнице]",,,
Сапфировое колечко,5,,"Мп +5
Регенерация Мп +30%
(Актив): Восстановить 25 Мп, кд 90 сек.","Сапфир
Серебряный слиток х2",,,
Сапфировое кольцо,10,,"Мп+10
Регенерация Мп +40%
(Актив): Восстановить 30 Мп, кд 90 сек.","Сапфировое колечко
Ториевый слиток х2",,,
Сапфировый перстень,15,,"Мп +15
Регенерация Мп +50%
(Актив): Восстановить 40 Мп, кд 90 сек.","Сапфировое кольцо
Арканитовый слиток х2",,,
Сапфировый демоно-перстень,25,,"Мп +30
Регенерация Мп +50%
(Актив): Восстановить 40 Мп, кд 90 сек.","Сапфировый перстень
Демонический камень (x2)
[Создается в Великой Кузнице]",,,
Сапфировый адский перстень,50,,"Мп +30
Регенерация Мп +50%
Магический ожог (800 AoE, 5000 + 150% от разума урона, не более 20000)
(Актив): Восстановить 40 Мп, кд 90 сек.","Сапфировый демоно-перстень
Перстень Алчности
Эссенция Огня
[Создается в Демонической Кузнице]",,,
Алмазное колечко,5,,"Атака +60
Скорость атаки +0.3","Алмаз
Серебряный слиток х2",,,
Алмазное кольцо,10,,"Атака +90
Скорость атаки +0.45","Алмазное колечко
Ториевый слиток х2",,,
Алмазный перстень,15,,"Атака +125
Скорость атаки +0.6","Алмазное кольцо
Арканитовый слиток х2",,,
Алмазный демоно-перстень,25,,"Атака +1000
Скорость атаки +0.6","Алмазный перстень
Демонический камень (x2)
[Создается в Великой Кузнице]",,,
Алмазный адский перстень,50,,"Атака +1000
Скорость атаки +0.6
Аура (сам, союзники 500 AoE) атака +1500 (для Снайпера 2000, не стакается)","Алмазный демоно-перстень
Перстень Алчности
Эссенция Огня
[Создается в Демонической Кузнице]",,,
Аметистовое колечко,5,,"Крит (3% х1.5), шанс у Снайпера в 3 раза больше
(Актив): 40% шанс на крит, Атака +120, длительность, 4 сек, кд 60 сек","Аметист
Серебряный слиток х2",,,
Аметистовое кольцо,10,,"Крит (3% х1.75), шанс у Снайпера в 3 раза больше
(Актив): 40% шанс на крит, Атака +240, длительность 4 сек, кд 55 сек.","Аметистовое колечко
Ториевый слиток х2",,,
Аметистовый перстень,15,,"Крит (3% х2), шанс у Снайпера в 3 раза больше
(Актив): 40% шанс на крит, Атака +360, длительность 4 сек, кд 50 сек.","Аметистовое кольцо
Арканитовый слиток х2",,,
Аметистовый демоно-перстень,25,,"Крит (5% х2), шанс у Снайпера в 3 раза больше
(Актив): 40% шанс на крит, Атака +600, длительность 4 сек, кд 45 сек.","Аметистовый перстень
Демонический камень (x2)
[Создается в Великой Кузнице]",,,
Аметистовый адский перстень,50,,"Крит (5% х2), шанс у Снайпера 15%
(Актив): 40% шанс на крит, Атака +2000, длительность 4 сек, кд 45 сек.
Аура (сам, союзники 300 AoE) шанс 5% (у Снайпера 15%) нанести 2000 (у Снайпера 8000) магического урона врагу","Аметистовый демоно-перстень
Перстень Алчности
Эссенция Огня
[Создается в Демонической Кузнице]",,,
Топазовое колечко,5,,"Радиус +200 
Каждые 10 сек дает Щит на 1000 ед.","Топаз
Серебряный слиток х2",,,
Топазовое кольцо,10,,"Радиус +300 
Каждые 10 сек дает Щит на 1200 ед.","Топазовое колечко
Ториевый слиток х2",,,
Топазовый перстень,15,,"Радиус +400 
Каждые 10 сек дает Щит на 1500 ед.","Топазовое кольцо
Арканитовый слиток х2",,,
Топазовый демоно-перстень,25,,"Радиус +400 
Каждые 10 сек дает Щит на 2500 ед.","Топазовый перстень
Демонический камень (x2)
[Создается в Великой Кузнице]",,,
Топазовый адский перстень,50,,"Радиус +400
Каждые 10 сек дает Щит на 7000 ед.
Аура (враги, 400 AoE) атака -10% (не стакается)","Топазовый демоно-перстень
Перстень Алчности
Эссенция Огня
[Создается в Демонической Кузнице]",,,
Изумрудное колечко,5,,"Защита +15 
Устойчивость к магии +5%
Скорость бега +20 ","Изумруд
Серебряный слиток х2",,,
Изумрудное кольцо,10,,"Защита +25 
Устойчивость к магии +6%
Скорость бега +30 ","Изумрудное колечко
Ториевый слиток х2",,,
Изумрудный перстень,15,,"Защита +35
Устойчивость к магии +7%
Скорость бега +40 ","Изумрудное кольцо
Арканитовый слиток х2",,,
Изумрудный демоно-перстень,25,,"Защита +45
Устойчивость к магии +8%
Скорость бега +50","Изумрудный перстень
Демонический камень (x2)
[Создается в Великой Кузнице]",,,
Изумрудный адский перстень,50,,"Защита +150
Устойчивость к магии +12%
Скорость бега +50
Аура (сам, союзники 500 AoE) +(10% от защиты владельца но не более 300) защиты (не стакается)","Изумрудный демоно-перстень
Перстень Алчности
Эссенция Огня
[Создается в Демонической Кузнице]",,,
Радужный камень,10,,"Все статы +60
Хп +900 
Защита +20 
Удача +1
(Актив): Превратить в золото
Не более 2 шт.","Мультицвет
Филосовский камень",,,
Радужный скелет,15,,"Все статы +80
Хп +1050
Защита +30 
Удача +1
(Актив): Превратить в золото (Тройная сила)
Не более 2 шт.","Радужный камень
Бронескафандр",,,
Арахнидские Вещи (5-15 ур.),,,,,,,
Лапа гигантского арахнида,,,Материал с Босса,Дроп с босса,,,
Голова гигантского арахнида,,,Материал с Босса,Дроп с босса,,,
Клешня гигантского арахнида,,,Материал с Босса,Дроп с босса,,,
Бронежилет с лапой арахнида,5,,"Ловкость +50
Крит (6% х1.35), шанс у Снайпера в 3 раза больше
Защита +8","Лапа гигантского арахнида
Гоблинский бронежилет",,,
	Бронежилет с головой арахнида,5,,"Разум +50
Защита +8
Аура Атаки +5%
(Актив): Призвать арахнида","Голова гигантского арахнида
Гоблинский бронежилет",,,
Бронежилет с клешней арахнида,5,,"Сила +50
Защита +8
Блокирование (20% 100)","Клешня гигантского арахнида
Гоблинский бронежилет",,,
Арахнидские перчатки,5,,"Атака +150
Скорость атаки +0.45","Гоблинские перчатки
Клешня гигантского арахнида",,,
Арахнидские сапоги,5,,"Все статы +30
Скорость бега +75
(Актив): Топот: 1400 урона и стан 3 сек","Гоблинские сапоги
Лапа гигантского арахнида",,,
Арахнидский шлем,5,,"Радиус +500
Регенерация Хп +5
Регенерация Мп +50%
(Актив): Восстановить 600 Хп и 20 Мп","Гоблинский шлем-котелок
Голова гигантского арахнида",,,
Бронированная снайперка,10,"Снайпер
Сталкер","Основной стат +120
Атака +120
Скорость атаки +0.3","Бронежилет с клешней арахнида
Арканитовое ружье",,,
Сет Арахнида,10,,"Все статы +60
Атака +150
Радиус +500
Скорость бега +100
Аура Скорости атаки +0.15
(Актив): Топот: 2000 урона и стан 3 сек.","Арахнидские перчатки
Арахнидские сапоги
Арахнидский шлем
[Создается в Великой Кузнице]",,,
Арахнидский доспех,10,,"Все статы +60
Защита +20
Крит (3% х2), шанс у Снайпера в 3 раза больше
(Актив): Призвать арахнида-охотника. 
Арахнидский доспех, Арахнидский камень и Доспех Паучьего Жреца нельзя носить вместе","Бронежилет с лапой арахнида
Бронежилет с головой арахнида
Бронежилет с клешней арахнида
[Создается в Великой Кузнице]",,,
Арахнидский камень,15,,"Все статы +90
Аура защиты +20
Крит (3% х2), шанс у Снайпера в 3 раза больше
Арахнидский доспех, Арахнидский камень и Доспех Паучьего Жреца нельзя носить вместе","Арахнидский доспех
Камень силы
[Создается в Великой Кузнице]",,,
Доспех Паучьего Жреца,15,,"Ловкость +100
Разум +100
Защита +25
Скорость бега +80
Аура Скорости атаки +0.25
Аура Регенерации Хп +10
Арахнидский доспех, Арахнидский камень и Доспех Паучьего Жреца нельзя носить вместе","Арахнидский доспех
Эссенция Жизни
[Создается в Великой Кузнице]",,,
Вещи Потного Рабовладельца (10-15 ур.),,,,,,,
Свечка рабовладельца,10,,"Все статы +30
Регенерация Хп +5",Дроп с босса,,,
Кирка рабовладельца,10,Инженер,"Скорость атаки +0.5
Добыча руды +1
Пассивно добавляет +5% к шансу выкопать руду",Дроп с босса,,,
Перчатка рабовладельца,10,,"Крит (3% х2), шанс у Снайпера в 3 раза больше",Дроп с босса,,,
Арахнидский кастет,15,,"Скорость атаки +0.35
Каждые 8 сек. усиливает атаку: Усиленная атака наносит Основной стат х6 + Атака х0.33 урона основной цели и Основной стат х4 + Атака х0.33 урона в 150 АОЕ, замедляя задетых врагов на 15%","Клешня гигантского арахнида
Перчатка рабовладельца",,,
Свет Жизни,15,,"Все статы +45
Радиус +500
Обнаружение 150
Удача +1
Аура Регенерации Хп +25","Свечка рабовладельца
Эссенция Жизни",,,
Зажигалка,10,Пироманьяк,"Сила +80
При атаке поджигает противника на 3 сек, дважды в секунду нанося Сила х3.5 физического урона","Свечка рабовладельца
Огнемет
Алмаз
Ториевый слиток х15",,,
Бум-Стик А-2,10,Ракетчик,"Сила +80
Каждые 5 сек, а также с шансом 50% при убийстве врага в случайного врага вылетает ракета наносящая Атака х1 урона и Атака х0.5 урона в 150 АоЕ. ","Свечка рабовладельца
Базука
Рубин
Ториевый слиток х15",,,
Мед-Протез,10,Медик,"Разум +80
Увеличена Регенерация Хп W на 50
Длительность (W) +2 сек.","Перчатка рабовладельца
Шарострел
Сапфир
Серебряный слиток х15",,,
Сет Рабовладельца,15,Инженер,"Все статы +50
Скорость атаки +0.75
Радиус +500
Удача +1
Добыча руды +2
Аура замедления Скорости атаки и бега -10% 
Аура Регенерации Хп +10 
Скорость бега светлячков +35%
Пассивно дает +13% не повредить глыбу при ударе","Перчатка рабовладельца
Кирка рабовладельца
Свечка рабовладельца
[Создается в Великой Кузнице]",,,
Декоративный Сет Рабовладельца,15,,"Основной стат +100
Скорость атаки +0.5
Радиус +500
Обнаружение +150
Удача +1
Аура Регенерации Хп +35
Крит (3% х2), шанс у Снайпера в 3 раза больше","Свет Жизни
Лампа из черепа
Перчатка власти
Кирка рабовладельца
[Создается в Великой Кузнице]",,,
Потная граната,15,Подрывник,"Разум +70
Увеличивает урон R на 20%
При использований Q, R восстанавливает 350 Хп.","Лапа гигантского арахнида
Свеча рабовладельца
Осколок света х2
[Создается в Великой Кузнице]",,,
Ручной акселератор,15,Пулеметчик,"Атака +175
Скорость атаки +0.45
(Актив): Скорость атаки +0.3 на 5 сек.","Свеча рабовладельца
Гоблинский комбинезон
Пулемет",,,
Восполнитель,10,,"Все статы +30
Хп +500
Аура Регенерации Хп +8
Шанс 20% при получении урона восстановить Защита х0.5 Хп","Свечка рабовладельца
Красивая подвеска
Изумруд
Серебряный слиток х15",,,
Лампа из черепа,10,,"Все статы +65
Хп +800
Аура Регенерации Хп +10
(Актив): Поставить лампу: лампа ежесекундно восстанавливает 1% Хп и 1.5% Мп (Не больше 150 ед.), работает 5 сек, кд 35 сек.","Голова гигантского арахнида
Свечка рабовладельца
Каско-шлемо-маска",,,
Священный свет,15,,"Все статы +90
Радиус +600
Обнаружение 300
Удача +3
(Актив): Призыв арахнида-целителя
Не более 2 шт.","Свет Жизни
Лампа из черепа
[Создается в Великой Кузнице]",,,
Перчатка Власти,10,,"Атака +120
Скорость атаки +0.55
Крит (3% x2), у Снайпера шанс в 3 раза больше","Перчатка рабовладельца
Гоблинские перчатки
Аметист
Арканитовый слиток х10
[Создается в Великой Кузнице]",,,
Перчатка Уничтожения,15,,"Атака +250
Скорость атаки +0.65
Крит (4% x2), у Снайпера шанс в 3 раза больше","Перчатка Власти
Арахнидские перчатки
[Создается в Великой Кузнице]",,,
Классовые (Квестовые) Вещи (10 ур.),,,,,,,
Самозарядный дробовик,10,Сталкер,"Сила +150
Атака +200 
Скорость атаки +0.65
R перезаряжается на 5 сек. быстрее","Рецепт: Самозарядный дробовик
Арканитовое ружье х5",,,
Элитная снайперка,10,Снайпер,"Ловкость +50
Атака +400 
Крит (10% х3) 
Радиус +500 ","Арканитовое ружье х4
Серебряная оптика
Рецепт: Элитная снайперка",,,
Базука бомбера,10,Ракетчик,"Сила +150
Атака +300
Cкорость атаки +0.65 
Радиус +350 
Урон Q +20%","Арканитовая ракетница х4
Серебряная оптика
Рецепт: Базука бомбера",,,
Мехо-пак,10,Инженер,"Разум +50
Атака +50
Радиус +500
Плазменная пушка (5000 урона раз в 4 секунды)
Аура защиты техники +15
(Актив): Призыв Дирижабля","Философский камень х3
Рецепт: Мехо-пак
Гоблинский бронежилет
Маска",,,
Переносная мед-станция,10,Медик,"Разум +150 
Защита -50
Q усилена на 20%
Авто-лечение союзника 200 Хп / 3 сек. 
(Актив): Восстановить себе и союзникам 1000 Хп","Гоблинский бронежилет
Грибной спирт х5
Грибная настойка х5
Арканитовый шарострел х2
Рецепт: Переносная мед-станция",,,
Ядер-магическая бомба,10,Подрывник,"Разум +150
После использования Q персонаж может проходить через существ в течении 5-и сек.
Q дополнительно наносит на 30% больше урона","Гоблинский бронежилет
Арканитовые гранаты х4
Рецепт: Ядер-Магическая бомба",,,
Пулеметная лента,10,Пулеметчик,"Ловкость +50
Атака +150
Скорость атаки +0.75 
Стан (4% Атака х2, 0.7 сек) 
Радиус +400","Арканитовый пулемет х4
Ториевая оптика
Рецепт: Пулеметная лента",,,
Огнеметное охлаждение,10,Пироманьяк,"Сила +150
Атака +150 
Скорость атаки + 0.6 
Крит (5% х3)
5% шанс при атаке восстановить 50 Хп и 5 Мп","Арканитовый огнемет х4
Освежающая вода х4
Рецепт: Огнеметное охлаждение",,,
Книга Времени (2й том),10,,"Все статы +85
Удача +1",Покупается у Гнома,,,
Вещи из Стража,,,,,,,
Руна,,,Часть Босса,Дроп с босса,,,
Щит Стража,15,,"Скорость атаки +0.5. 
При получении любого урона предмет получает 1 стак, не более 25. Каждый стак дает +2 защиты. Стаки спадают через 10 сек.
(Актив): Ежесекундно восстанавливает 3% Хп в течении 10 сек, кд 90 сек. ",Дроп с босса,,,
Посох Стража,15,,При получении 3000 урона (накапливается) наносит Основной стат х7 урона в 300 АоЕ эффект. Или срабатывает раз в 15 сек. ,Дроп с босса,,,
Душа Стража,15,,Основной стат +150,Дроп с босса,,,
Броня Стража ,15,,Все статы +100,Дроп с босса,,,
Сет Стража,20,,"Все статы +125 
Основной стат +100
Скорость атаки +0.5
Защита +25 
(Актив): Ежесекундно восстанавливает 2% Хп в течении 10 сек, кд 90 сек.","Щит Стража
Душа Стража
Броня Стража
[Создается в Великой Кузнице]",,,
Сет Хранителя,20,Сталкер,"Bce cтaты +75 
Ocнoвнoй cтaт +100 
Зaщитa +45
Cкopocть бeгa +75
Шанс 10% при получении урона нанести 500% от силы урона в 375 AoE
(Aктив): Eжeceкyнднo вoccтaнaвливaeт 3% Xп в тeчeнии 10 ceк, кд 90 ceк.","Посох Стража
Душа Стража 
Броня Стража
[Создается в Великой Кузнице]",,,
Усилитель,20,"Снайпер
Сталкер","Все статы +120
Основной стат +80
Атака +275
Скорость атаки +0.4
Защита -40","Бронированная снайперка
Броня Стража
Железный слиток х15",,,
Антиграната,20,Подрывник,"Разум +100
Хп +(Основной стат х2)
Защита -45
При использований Q,R восстанавливает 575 Хп, Защита +165 на 3 сек.
Увеличивает урон R на 35%","Потная граната
Душа Стража
Эссенция Жизни
Ториевый слиток х15",,,
Классовые (Квестовые) Вещи (25 ур.),,,,,,,
Каратель,25,Сталкер,"Сила +250 
Хп +3000
Скорость атаки +0.75
Защита +55 
30% шанс нанести удвоенный урон от R
R перезаряжается на 8 сек быстрее
При использований R дает Защиту +75 и Регенерацию Хп +100","Самозарядный дробовик
Арканитовая оптика
Руна
Арканитовый слиток х30
Зелье ловкости
Рецепт: Каратель",,,
Безмолвный палач,25,Снайпер,"Ловкость +150
Атака +1250
Крит (10% х4)
Радиус +600
(Пассив) При атаке получает 1 стак, не более 10. Каждый стак дает Скорость атаки +0.05 ","Элитная снайперка
Арканитовая оптика
Руна
Арканитовый слиток х20
Зелье интеллекта
Рецепт: Безмолвный палач",,,
Лютый,25,Пулеметчик,"Ловкость +150
Атака +550 
Скорость атаки +1 
Стан (5% Атака х3, 0.7 сек.) 
Усиливает E на 45%","Пулеметная лента
Арканитовый пулемет
Руна
Арканитовый слиток х20
Зелье скорости
Рецепт: Лютый",,,
HealPack-3000,25,Медик,"Разум +350
Атака +800
Удача +2
Авто-лечение 300 Хп / 3 сек.
(Актив) Восстановить себе и союзникам 2000 Хп.
Q усилена на 40%, при попадании дает цели +30 защиты и Регенерацию Хп +50 на 4 сек.","Переносная мед-станция
Руна
Зелье Силы
Рецепт: HealPack-3000
Арканитовые боеприпасы х50
Арканитовый шарострел",,,
        Тех-Протез,25,Инженер,"Разум +150
Атака +450
Радиус +500
Удача +2
Аура Защиты техники +30
Аура Атаки техники +100%
Микроволновая пушка (12000 урона раз в 3 сек)
(Актив): Призыв Ылитного Дирижабля","Мехо-пак
Руна
Зелье защиты
Арканитовый слиток х10
Целительная жижа х5
Рецепт: Тех-протез",,,
Бумер,25,Подрывник,"Разум +350
После использования Q персонаж может проходить через существ в течение 5-и секунд
Q дополнительно наносит увеличенный на 50% урон и имеет 50% шанс нанести 1.5х урон","Ядер-магическая бомба
Руна
Арканитовый слиток х20
Арканитовые гранаты
Магическое зелье
Рецепт: Бумер",,,
	Mr. Пламень,25,Пироманьяк,"Сила +150
Атака +1000 
Скорость атаки +0.9
5% шанс при атаке восстановить 150 Хп и 5 Мп
R эффективнее на 25%","Огнеметное охлаждение
Руна
Зелье урона
Рецепт: Mr. Пламень
Арканитовые боеприпасы х50
Арканитовый огнемет",,,
	Большой Сэм,25,Ракетчик,"Сила +350
Атака +1450
Скорость атаки +0.7
Радиус +350 
Урон Q увеличен на 45%","Базука бомбера
Руна
Магическое зелье
Рецепт: Большой Сэм
Арканитовые боеприпасы х50
Арканитовая ракетница",,,
Книга Времени (3й том),20,,"Все статы +120 
Удача +1 ",Покупается в Сейфе Попса,,,
Книга Времени (4й том),25,,"Все статы +170 
Удача +1 ",Покупается в Сейфе Попса,,,
Вещи Трактора (20-25 ур.),,,,,,,
Аккумуляторная кислота,,,Материал с Босса,Дроп с босса,,,
Ториевый обломок генератора,,,Материал с Босса,Дроп с босса,,,
Кусок ториевой гусеницы,,,Материал с Босса,Дроп с босса,,,
Магическое ультра-горючее,20,,"Ловкость +120 
Скорость атаки +0.75
10% шанс при атаке нанести Атака х1 урона","Аккумуляторная кислота
Грибной спирт",,,
Ториевый нейро-генератор,20,,"Разум +120
Аура Регенерации Мп +1 Мп раз в 3 сек.
(Актив): Восстановить 35 Мп, кд 90 сек.","Ториевый обломок генератора
Ториевый слиток",,,
Доспех из ториевой гусеницы,20,,"Сила +120 
Защита +35
Регенерация Хп +60","Кусок ториевой гусеницы
Ториевый слиток",,,
Декоративный Сет Трактора,20,,"Все статы +120
Защита +35
Скорость атаки +0.5
Регенерация Хп +60
Регенерация Мп +1
(Актив): Восстановить 35 Мп, кд 90 сек.","Ториевый нейро-генератор
Доспех из ториевой гусеницы
Аккумуляторная кислота
[Создается в Великой Кузнице]",,,
Ториевая циркулярная пила,25,,"Все статы +100
Основной стат +75
Скорость атаки +0.6
Скорость бега +50
10% шанс при атаке нанести Атака х1 урона
(Актив): Нанести 7500 урона противникам","Ториевый обломок генератора
Аккумуляторная кислота
Кусок ториевой гусеницы
[Создается в Великой Кузнице]",,,
Экзоскелет КУС-500rmk,25,,"Все статы +200
Защита +50
Аура Регенерации Мп +1 Мп раз в 3 сек.
Блокирование (50% 150) ","Ториевый нейро-генератор
Магическое ультра-горючее
Доспех из ториевой гусеницы
[Создается в Великой Кузнице]",,,
Кислотная граната,25,,"Все статы +125
(Актив) Кислотная граната: 2500 урона ежесекундно в течение 8 сек, понижает защиту задетым врагам на -5 (+6% урона по боссам). ","Аккумуляторная кислота
Съедобный грыбочек х15
Серебряный слиток х40
Эссенция Жизни
[Создается в Великой Кузнице]",,,
Хим-костюм,25,,"Все статы +160
Защита +45
Каждые 5 сек восстанавливает 5% Хп, не более 800 ","Аккумуляторная кислота
Душа Стража
Радужный скелет",,,
Шипованный доспех,25,,"Сила +210
Защита +50
8% Шанс понизить защиту атакующему врагу на -15 (+9% урона по боссам) на 15 сек и нанести ему Сила х10 урона ","Кусок ториевой гусеницы
Щит Стража
Ториевый слиток х40
Изумруд х3",,,
Гусеничные сапоги,25,,"Сила +250
Скорость бега +100
5% Шанс при получении урона нанести Сила х6 урона всем врагам вокруг и замедлить их на 20% на 1.5 сек. ","Арахнидские сапоги
Кусок ториевой гусеницы
Железный слиток х40
Рубин х3",,,
Осколочный миноукладчик,25,Подрывник,"Разум +235 
Защита -30
Взрывчатка: длительность оглушения увеличена на 0.3 сек 33% шанс нанести на 75% больше урона за каждый заряд в увеличенной на 25% области.","Ториевый обломок генератора
Питарды
Арканитовый слиток х20
Сапфир х3
[Создается в Великой Кузнице]",,,
Виварий,25, Инженер,"Разум +250 
Добыча руды +3 
Аура Скорости атаки зданий +0.15
Аура Регенерации Мп +1 Мп раз в 3 сек.
Пассивно дает +9% выкопать руду и +3% не повредить глыбу за удар","Ториевый нейро-генератор
Кирка рабовладельца",,,
ЭлектроПулемет,25,Пулеметчик,"Ловкость +165
Атака +325
Скорость атаки +0.65
Каждый выстрел выпускает цепную молнию еще по двум целям, нанося им Атака х0.06 магического урона","Магическое ультра-горючее
Душа Стража
Алмаз х3
Арканитовые слитки х15",,,
Вещи из Демонических углей (25-30 ур.),,,,,,,
Эссенция Огня,,,Материал для крафтов,Осколок пламенной души х5,,,
Кислобум-8000,30,Подрывник,"Разум +275
При использованиии Q обливает врагов кислотой: 15000 урона в 150 АоЕ
При использовании любой способности кроме Q: шанс 20% мгновенно перезарядить Q","Кислотная Граната
Осколок пламенной души х2
Демонический слиток x2
[Создается в Великой Кузнице]",,,
Око демона,25,,"Все статы +80
Атака +700
Радиус +700 
Обнаружение 500 ","Увеличительное стеклышко
Демонический слиток х3
Осколок пламенной души
[Создается в Великой Кузнице]",,,
Ярость,25,,"Все статы +220 
Аура Скорости атаки +0.3 
Скорость бега +150","Сет Арахнида
Демонический слиток х3
Осколок пламенной души
[Создается в Великой Кузнице]",,,
Мощь,25,,"Атака +900
Хп +6000
Мп +5
Защита +30","Броне-скафандр
Демонический слиток х2
Осколок пламенной души
[Создается в Великой Кузнице]",,,
Аметистовое ожерелье,25,,"Крит (5% х2.25), у Снайпера шанс в 3 раза больше
(Актив): 50% шанс на крит, Атака +860, длительность 5 сек, кд 40 сек.","Аметистовый перстень
Демонический слиток х4
Расплавленные камни x1",,,
Сапфировое ожерелье,25,,"Мп +20
Регенерация Мп +60%
(Актив): Восстановить 55 Мп, кд 90 сек.","Сапфировый перстень
Демонический слиток х4
Расплавленные камни x1",,,
Изумрудное ожерелье,25,,"Защита +125
Устойчивость к магии +8%
Скорость бега +55 ","Изумрудный перстень
Демонический слиток х4
Расплавленные камни x1",,,
Рубиновое ожерелье,25,,"Хп +5000
Регенерация Хп +20
(Актив): Восстановить 1800 Хп, кд 30 сек.","Рубиновый перстень
Демонический слиток х4
Расплавленные камни x1",,,
Топазовое ожерелье,25,,"Радиус +500 
Каждые 10 сек дает Щит на 2500 ед.","Топазовый перстень
Демонический слиток х4
Расплавленные камни x1",,,
Алмазное ожерелье,25,,"Атака +800 
Скорость атаки +0.8","Алмазный перстень
Демонический слиток х4
Расплавленные камни x1",,,
Восполнитель Тьмы,25,,"Все статы +120
Хп +3000
Аура восполнения (+30) 
20% шанс при получении урона восстановить Защита х0.7 Хп","Восполнитель
Демонический слиток х4
",,,
Демоническая кирка,25, Инженер,"Разум +300
Атака +200
Скорость атаки +0.6 
Добыча руды (+4) 
10% шанс при атаке получить Скорость атаки +0.7 на 5 сек.
Пассивно дает +10% выкопать руду и +6% не повредить глыбу","Кирка рабовладельца
Демонический слиток x4
",,,
Демоническая удочка,25,,"Все статы +100
(Актив): Шанс выудить рыбку - 100%, говорят такой удочкой можно выловить демона из ада! ","Деревянная удочка
Демонический слиток х2
",,,
"Ожерелье ""Фиалка""",30,,"Хп +4500
Мп +20
Регенерация Хп +20
Регенерация Мп +60%
(Актив) Восстановить 5100 Хп и 55 Мп, кд 90 сек.","Рубиновое ожерелье
Сапфировое ожерелье
Осколок пламенной души
Осколок души
[Создается в Великой Кузнице]",,,
"Ожерелье ""Лайм""",30,,"Защита +115
Радиус +500
Устойчивость к магии +7%
Скорость бега +50
Каждые 10 сек дает Щит на 1000 ед.","Изумрудное ожерелье
Топазовое ожерелье
Осколок пламенной души
Осколок души
[Создается в Великой Кузнице]",,,
"Ожерелье ""Индиго""",30,,"Атака +700
Скорость атаки +0.7
Крит (5% x2.5), у Снайпера шанс в 3 раза больше
(Актив): Крит. шанс +45%, Атака +700, длительность 5 сек, кд 40 сек.","Аметистовое ожерелье
Алмазное ожерелье
Осколок пламенной души
Осколок души
[Создается в Великой Кузнице]",,,
Вещи из Похоти (25-30 ур.),,,,,,,
Венец Похоти,25,,"Разум +165
(Актив) Все гоблины в указанной области получают Устойчивость к магии +20% на 10 сек, кд 30 сек.",Дроп с босса,,,
Нагрудник Похоти,25,,"Сила +165 
Магический ожог (800 AoE, 1000 урона)",Дроп с босса,,,
Наручники Похоти,25,,"Ловкость +165
Скорость атаки +0.75 
Устойчивость к магии +10%",Дроп с босса,,,
Сет Похоти,30,,"Все статы +250
Устойчивость к магии +15%
Магический ожог +25% урона
Магический ожог (800 AoE, 1500 + 150% от разума урона, не более 5000)","Венец Похоти
Нагрудник Похоти
Наручники Похоти
[Создается в Великой Кузнице]",,,
Алебарда Похоти,25,,"Атака +700 
Скорость атаки +0.9 
Раз в 8 секунд атака наносит дополнительно 12000 урона в 250 АоЕ",Дроп с босса,,,
Корона Похоти,30,,"Разум +275 
Хп +3500
Устойчивость к магии +15%
Аура понижения Скорости атаки и бега противников на 20%.
(Актив): Устойчивость к магии +20% на 10 сек.","Венец Похоти
Ториевый обломок генератора
Демонический слиток х4
[Создается в Великой Кузнице]",,,
Царь скорпионов,30,,"Сила +125
Ловкость +125
Разум +250
(Актив): Призвать Арх-Ксума (царь арахнидов) ","Венец Похоти
Арахнидский шлем
Осколок пламенной души х3
[Создается в Великой Кузнице]",,,
Похотливая броня,30,,"Сила +275 
Защита +65
При получении урона выпускает молнию наносящую 3500 + Сила х2 урона 10 ближайшим целям, кд 15 сек.
Аура (200 + 0.35% от Хп урона в секунду, не более 5000)","Нагрудник Похоти
Доспех из ториевой гусеницы
Осколок пламенной души х2
[Создается в Великой Кузнице]",,,
Охотник на ведьм,30,,"Сила +250 
Разум +180
Устойчивость к магии +10%
При получении урона от босса или мини-босса наносит 6000 + Основной стат х3 урона вокруг себя, кд 15 сек.
(Актив): Наносит 100000 урона, кд 45 сек.","Нагрудник Похоти
Щит Стража
Эссенция Жизни
Эссенция Жизни
[Создается в Великой Кузнице]",,,
Накидка амазонки,30,,"Ловкость +275
Устойчивость к магии +10%
Скорость бега +80
За каждую 1000 нанесенного урона получает 1 стак
(Актив): Воля амазонки: Атака +35% и Скорость атаки +0.35 
Длительность:  Число стаков*0.1, не более 15 секунд.","Наручники Похоти
Аккумуляторная кислота
Осколок пламенной души х2
[Создается в Великой Кузнице]",,,
Ненависть,30,,"Атака +1000 
Скорость атаки +1.05
Раз в 8 секунд атака наносит дополнительно 10000 урона в 300 АоЕ и поджигает врагов на 3 сек. нанося 2500 урона ежесекундно.","Алебарда Похоти
Руна
Демонический слиток x8
[Создается в Великой Кузнице]
",,,
Доспехи Порчи,30,,"Атака +2000
Хп +15000
Мп +10
Защита +50
Регенерация Хп -100
Радиус +500
Скорость бега +100
Аура Скорости атаки +0.4 
При убийстве врага +600 Хп","Ненависть
Ярость
Мощь
Око Демона
[Создается в Великой Кузнице]",,,
Царская Любовь,30,Медик,"Разум +300 
Хп +4000
Устойчивость к магии +15%
Хим-выстрел +30%: дает союзнику Устойчивость к магии +10% и замедляет врагов на 10% на 4 сек.","Демонический слиток х4
Корона Похоти
Душа Стража
Осколок пламенной души
[Создается в Великой Кузнице]",,,
Цветное огниво,30,Пироманьяк,"Сила +285
При атаке поджигает противника на 3 сек, трижды в секунду нанося Сила х3.5 урона, также поджигает на 2 сек в 185 АоЕ, дважды в секунду нанося Сила х2
5% шанс при атаке восстановить 125 Хп","Зажигалка
Мультицвет х2
Демонический слиток х2
Осколок пламенной души х2",,,
,Ангельская кузница и Книги Времени(30+),,,,,,
Сет Рабовладельца v2.0,35, Инженер,"Все статы +180
Скорость атаки +0.9
Радиус +500
Удача +2
Добыча руды +4
Аура замедления атаки и бега -15% 
Аура Регенерации Хп +40
Скорость бега светлячков +35%
Шанс не повредить глыбу +20%","Сет Рабовладельца
Арканитовый слиток х30
Эссенция Жизни
Эссенция Жизни
[Создается в Ангельской Кузнице]",,,
Циркулярка v2.0,35,,"Все статы +135
Основной стат +150
Скорость атаки +0.75 
Скорость бега +75
10% шанс при атаке нанести Атака x2 урона
(Актив) Нанести 21500 урона противникам","Ториевая циркулярная пила
Арканитовый слиток х30
Эссенция Жизни
Эссенция Жизни
[Создается в Ангельской Кузнице]",,,
Экзоскелет КУС-500 v2.0,35,,"Все статы +260
Защита +75
Блокирование (50% 150) 
Аура Регенерации Мп +1 раз в 3 сек.","Экзоскелет КУС-500rmk
Арканитовый слиток х30
Эссенция Жизни
Эссенция Жизни
[Создается в Ангельской Кузнице]",,,
Арахнидский Камень v2.0,35,,"Все статы +285
Аура защиты +35
Крит (5% х2), шанс у Снайпера в 3 раза больше","Арахнидский камень
Арканитовый слиток х30
Эссенция Жизни
[Создается в Ангельской Кузнице] ",,,
Радужный скелет v2.0,35,,"Все статы +110
Хп +5000
Защита +110
Удача +2
(Актив) Превратить в золото (х4) ","Радужный скелет
Арканитовый слиток х30
Эссенция Жизни
Эссенция Жизни
[Создается в Ангельской Кузнице]",,,
Сет Хранителя v2.0,35,Сталкер,"Все статы +125
Основной стат +235
Защита +75
Скорость бега +75
Шанс 15% при получении урона нанести 700% от силы урона в 375 AoE
(Актив): Восстанавливает 3% Хп каждую секунду в течение 10 сек, кд 90 сек.","Сет Хранителя
Арканитовый слиток х30
Эссенция Жизни
Эссенция Жизни
[Создается в Ангельской Кузнице]",,,
Сет Стража v2.0,35,,"Bce cтaты +250
Ocнoвнoй cтaт +150
Зaщитa +35 
Cкopocть aтaки +0.7
(Aктив) Вoccтaнaвливaeт 2% Xп каждую секунду в тeчeние 10 ceк, кд 90 ceк.","Сет Стража
Арканитовый слиток х30
Эссенция Жизни
Эссенция Жизни
[Создается в Ангельской Кузнице]",,,
Освещенная антиграната,35,Подрывник,"Хп +(Основной стат х3)
Разум +215
Защита -150
При использований Q, R восстанавливает 645 хп, Защита +375 на 3 сек.
Увеличивает урон R на 50%","Антиграната
Арканитовый слиток х30
Эссенция Жизни
Эссенция Жизни",,,
Священный Индиго,35,,"Атака +1000
Скорость атаки +0.8
Крит (5% х2.75), шанс у Снайпера в 3 раза больше
При убийстве врага дает +700 атаки на 2 сек.
(Актив): 50% шанс на крит, Атака +700, длительность 5 сек, кд 40 сек.","Ожерелье Индиго
Арканитовый слиток х30
Эссенция Жизни
Эссенция Жизни
[Создается в Ангельской Кузнице]",,,
Священная Фиалка,35,,"Хп +7000 
Мп +20
Регенерация Хп +30 
Регенерация Мп +60%
5% шанс при получении урона восстановить 1100Хп
(Актив) Восстановить 6500 Хп и 65 Мп, кд 90 сек.","Ожерелье Фиалка
Арканитовый слиток х30
Эссенция Жизни
Эссенция Жизни
[Создается в Ангельской Кузнице]",,,
Священный Лайм,35,,"Защита +155
Радиус +400
Устойчивость к магии +8%
Скорость бега +60
5% шанс при получении урона: Защита +70 и Устойчивость к магии +4% на 10 сек.
Раз в 10 сек. дает Щит на 1500 ед.","Ожерелье Лайм
Арканитовый слиток х30
Эссенция Жизни
Эссенция Жизни
[Создается в Ангельской Кузнице]",,,
Книга Времени (5й том),25,,"Все статы +270
Удача +1",Покупается у Ангела,,,
Книга Времени (6й том),30,,"Все статы +310
Удача +1",Покупается у Ангела,,,
Книга Времени (7й том),35,,"Все статы +340
Удача +1",Покупается у Ангела,,,
Книга Времени (8й том),40,,"Все статы +380
Удача +2",Покупается у Ангела,,,
Книга Времени (9й том),45,,"Все статы +420
Удача +2",Покупается у Ангела,,,
,Вещи из Бомбса и Аккуратерса,,,,,,
Железная гаубица,30,Ракетчик,"Сила +230
Атака +800
15% Шанс нанести х1.5 Атака урона в 150 АоЕ","Обломки железной гаубицы
Арканитовая ракетница х4
Железный слиток х45",,,
Перчатки Бомбса,30,,"Ловкость +230
Атака +670
Скорость атаки +0.6
Стан (5% Атака х2, 0.5 сек)","Порваные перчатки
Гоблинские перчатки
Алмазный перстень",,,
Труба Аккуратерса,30,,"Разум +200
Радиус +500
Обнаружение 300
Снижает защиту врагов на 5, увеличивает урон по боссам на 4%","Треснувшая подзорная труба
Серебряная оптика
Железная оптика
Арканитовая оптика
Ториевая оптика",,,
Бронежилет Бомбса,30,,"Сила +230
Защита +80
Блокирование 50
(Актив): Щит на 7000 ед. и Сопротивление урону +7%, кд 90 сек.","Поврежденная броня
Броне-комбез х3
Топазовый перстень",,,
Мешок взрывчатки,30,Подрывник,"Разум +230
Хп +1500
Увеличивает АоЕ радиус Q на 10%
(Актив): Восстанавливает ближайшим союзникам 20 Мп, кд 20 сек.","Пустой пороховой мешочек
50шт Железные боеприпасы
50шт Серебряные боеприпасы
50шт Ториевые боеприпасы
50шт Арканитовые боеприпасы",,,
Конвертер O.R.E,35, Инженер,"Разум +370
Скорость атаки +0.7
Добыча руды +4
Аура Регенерации Мп +1 раз в 3 сек.
Аура Скорости атаки зданиям +0.25
15% шанс при Атаке получать Скорость атаки +0.7 на 5 сек.
(Пассив): Увеличивает количество создаваемых патронов на 100%
Увеличивает количество вскопанной руды на 1
+12% шанс вскопать руду","Демоническая кирка
Виварий
Труба Аккуратерса
Эссенция Жизни
Арканитовый слиток х30
Ториевый слиток х40
[Создается в Ангельской Кузнице]",,,
Акселератор электронов,35,Пулеметчик,"Ловкость +310
Атака +740
Скорость атаки +0.7
Каждый выстрел задевает цепной молнией еще трех целей, нанося 
им х0.1 Атака магического урона
(Актив): Скорость атаки +0.8 на 5 сек.","ЭлектроПулемет
Ручной акселератор
Перчатка бомбса
Топаз х5
Ториевый слиток х25
[Создается в Великой Кузнице]",,,
Пылающий восполнитель,35,,"Все статы +175
Хп +4500
Радиус +600
Обнаружение 300
Аура восполнения +30
20% шанс при получении урона восстановить Защита х0.7 Хп
(Актив): Призыв арахнидов-прижигателей","Восполнитель Тьмы
Священный свет
Труба Аккуратерса
Осколок пламенной души х2
[Создается в Великой Кузнице]",,,
Сет Бомбса,35,Ракетчик,"Все статы +140
Сила +260
Атака +1700
Снижает защиту врагов на 5, увеличивает урон по боссам на 4%","Бронежилет Бомбса
Перчатки Бомбса
Железная гаубица
[Создается в Великой Кузнице]",,,
Сет Сапера,35,Подрывник,"Сила +225
Разум +300
Радиус +300
Увеличивает АоЕ радиус Q на 15%
(Актив): Восстанавливает ближайшим союзникам 30 Мп, кд 20 сек.","Бронежилет Бомбса
Труба Аккуратерса
Мешок взрывчатки
[Создается в Великой Кузнице]",,,
Сет Аккуратерса,35,,"Все статы +290
Защита +100
Радиус +500
Обнаружение 300
(Актив): Щит на 5000 ед. и Сопротивление урону +10%, кд 90 сек.","Перчатки Бомбса
Бронежилет Бомбса
Труба Аккуратерса
[Создается в Великой Кузнице]",,,
Похотливые перчатки,35,,"Ловкость +320
Атака +720
Скорость атаки +0.8
Стан (5% Атака х2.5, 0.5 сек)
Устойчивость к магии +10%","Наручники Похоти
Перчатки Бомбса
Мультицвет
[Создается в Великой Кузнице]",,,
Сет Аккуратерса v2.0,35,,"Все статы +320
Защита +110
Радиус +500
Обнаружение 300
(Актив): Щит на 10000 ед. и Сопротивление урону +15%, кд 90 сек.","Сет Аккуратерса
Арканитовый слиток х30
Эссенция Жизни
Эссенция Жизни
[Создается в Ангельской Кузнице]",,,
Сет Бомбса v2.0,35,Ракетчик,"Все статы +200
Сила +250
Атака +2100
Снижает защиту врагов на 6, увеличивает урон по боссам на 5%","Сет Бомбса
Арканитовый слиток х30
Эссенция Жизни
Эссенция Жизни
[Создается в Ангельской Кузнице]",,,
Сет Сапера v2.0,45,Подрывник,"Сила +260
Разум +660
Радиус +300
Увеличивает АоЕ радиус Q на 15%
(Актив) Восстанавливает ближайшим союзникам и себе 30 Мп, кд 20 сек.","Сет Сапера
Арканитовый слиток х30
Эссенция Жизни
Эссенция Жизни
[Создается в Ангельской Кузнице]",,,
Ворчун,35,Ракетчик,"Сила +320
Атака +1400
При убийстве врага повышает Силу на 70 на 15 сек.
15% шанс нанести Атака х1.5 и оглушить на 0.5 сек в 150 АоЕ
Каждые 3 сек.: в случайного врага вылетает ракета наносящая Атака х1.5 урона и Атака х1 урона в 150 АоЕ","Железная гаубица
Бум-Стик А-2
Эссенция Жизни
Аметистовый перстень
[Создается в Ангельской Кузнице]",,,
Взрывное одеяние жреца,35,,"Ловкость +290
Разум +290
Скорость бега +80
Аура Скорости атаки +0.35
Аура Регенерации Хп +20
При применении способности дает стак на 5 сек.
Каждый стак дает Ловкость и Разум +10, не более 10 стаков","Доспех паучьего жреца
Перчатки Бомбса
Посох Стража
Эссенция Жизни
[Создается в Ангельской Кузнице]",,,
,Вещи из Алчности,,,,,,
Перстень Алчности,40,,"Ловкость +270
Награда за убийство (+75)
При убийстве врага наносит в 150 АоЕ 6% от золота урона",Дроп с босса,,,
Коготь Алчности,40,,"Сила +270
Шанс 1% при получении урона нанести 2% от золота урона в 375 АоЕ",Дроп с босса,,,
Ожерелье Алчности,40,,"Разум +270
(Актив): Наносит урон в количесиве 6% от золота и оглушает на 0.1 сек за каждые 50000 золота, до 2 сек, кд 25 сек.",Дроп с босса,,,
Крылья Алчности,40,,"Защита +120
Уклонение 4%
Аура скорости +40%",Дроп с босса,,,
Сет Алчности,45,,"Все статы +360
Удача +1
Награда за убийство (+75)
При убийстве врага  наносит в 150 АоЕ 6% от золота урона
(Актив) Вспышка золота в области (наносит урон в количестве 7.5% от золота и оглушает на 0.2 сек за каждые 80000 золота, до 2 сек.) кд 25 сек.
Шанс 1% при получении урона нанести 2% от золота урона","Перстень Алчности
Ожерелье Алчности
Коготь Алчности
[Создается в Великой Кузнице]",,,
Амулет продажности,45,,"Разум +320
Хп +5000
(Актив): восстанавливает 2000 Хп и 10 Мп. 
Дополнительно восстанавливает по 150 Хп и 1 Мп за каждые 10000 золота (до 20 раз).","Ожерелье Алчности
Демонический слиток х5
Осколок пламенной души х2
Философский камень
Рубин х5
[Создается в Великой Кузнице]",,,
Философский перстень,45,,"Ловкость +370
Хп +3000
Атака +830
Скорость атаки +0.7
Награда за убийство (+75)
15% шанс при убийстве трансмутировать ближайшего врага и восстановить +250 Хп и 2 Мп","Магическое ультра-горючее
Перстень Алчности
Философский камень х3
Осколок пламенной души х1
[Создается в Великой Кузнице]",,,
Алла,45,,"Ловкость +370
Атака +900
Устойчивость к магии +10%
Скорость бега +80
Раз в 5 секунд при Атаке наносит 4.5% от золота в 420 АоЕ
(Актив): Атака +35% и Скорость атаки +0.35 на 15 сек, кд 30 сек.","Накидка амазонки
Перстень Алчности
Арканитовый слиток х50
Алмаз х3
[Создается в Ангельской Кузнице]",,,
Жажда наживы,45,Ракетчик,"Сила +370
Атака +800
Скорость атаки +0.5
Крит (5% х3)
Раз в 6 секунд атака наносит дополнительно 13000 + 1.3% от золота урона в 300 АоЕ и поджигает врагов на 3 сек. нанося 2500 + 0.25% от золота урона ежесекундно. Оглушает на 0.5 сек за каждые 250000 золота ","Ожерелье Алчности
Коготь Алчности
Осколок пламенной души х2
[Создается в Великой Кузнице]",,,
Укладчик Взрывчаток,45,Подрывник,"Разум +345
Хп + (Основной стат х3)
Защита -225
Увеличивает урон R на 65%
Взрывчатка: длительность стана увеличена на 0.3 сек. 33% шанс нанести на 120% больше урона за каждый заряд в увеличенной на 25% области.
При использований Q, R восстанавливает 750 Хп, дарует Защиту +625 на 2 сек.","Осколочный миноукладчик
Освещенная антиграната
Осколок пламенной души х3
Рубин х3
[Создается в Великой Кузнице]",,,
Бронебойная снайперка,45,"Снайпер
Сталкер","Все статы +265
Атака +725
Скорость атаки +0.65
Защита -60
Каждый 5-й выстрел прошивает цель насквозь, нанося задетым Атака х0.75 физического урона","Усилитель
Коготь Алчности
Арканитовый слиток х40
Алмаз х5
[Создается в Великой Кузнице]",,,
Огненное извержение,45,Пироманьяк,"Сила +390
При атаке поджигает противника на 3 сек. четырежды в секунду, нанося Сила х4 урона и поджигает на 2 сек в 185 АоЕ трижды в секунду, нанося Сила х3.
Стаки при атаке, не более 35. При достижении 35 стаков вызывает метеоритный дождь, наносящий Сила х7 магического урона
5% шанс при Атаке отхилить 225 Хп","Цветное огниво
Перстень алчности
Осколок Пламенной души х3
Арканитовый слиток х20
[Создается в Великой Кузнице]",,,
Когтистая броня,45,,"Сила +370
Защита +120
Регенерация Хп +30
Шанс 1% при получении урона нанести 1.8% от золота урона +7000 урона в 300 АоЕ
Шанс 2% при получении урона увеличить силу на 80 на 4 сек. ","Коготь Алчности
Душа Стража
Мощь
[Создается в Великой Кузнице]",,,
Когти антиматерии,45,,"Сила +370
Атака +800
Скорость атаки +0.8
Усиленная атака каждая 5 сек.
Усиленная атака наносит 15000 + Основной стат х4 урона основной цели и 2500 + Основной Стат х5 в 250 АоЕ
Снижает Скорость атаки всех врагов получиших урон на 15% на 5 сек.","Коготь Алчности
Арахнидский кастет
Ториевый слиток х65
[Создается в Великой Кузнице]",,,
Льстец,45,,"Атака +1230
Скорость атаки +0.85
Защита +180
Скорость бега +80","Алебарда Похоти
Крылья Алчности
[Создается в Великой Кузнице]",,,
Шипастые сапоги,45,,"Сила +420
Защита +165
Скорость бега +150
1% шанс при получении урона нанести Сила х8 и снизить защиту на 25, эффект увеличивает физ. урон по боссам на 12% на 15 сек.","Шипованный доспех
Коготь Алчности
Гусеничные сапоги
[Создается в Великой Кузнице]",,,
Сила Демона,45,,"Все статы +160
Защита +185
Уклонение 4%
Скорость бега +75
Аура Скорости бега +20%
При убийстве нежити и демонов +250 Хп и +1 Мп ","Крылья Алчности
Бронежилет Бомбса
Мощь
[Создается в Великой Кузнице]",,,
Ангельский свет,45,,"Все статы +320
Радиус +600
Обнаружение +300
Удача +5
(Актив): Призыв Ангельского-арахнида-целителя","Священный свет
Ожерелье Алчности
Ториевый обломок генератора
Эссенция Жизни
Эссенция Жизни
Эссенция Жизни
[Создается в Ангельской Кузнице]",,,
,Вещи из Хазула и С Дронов Хазула,,,,,,
Телепортатор,45,,"Ловкость +310 
Скорость +100","Обломки телепортатора
Железный двигатель
Изумрудный перстень
",,,
Стазис-кружка,45,,"Сила +310 
Уклонение 8% 
5% при атаке противника исцелиться на 250 Хп","Странная кружка
Рубиновый перстень
Гоблинские перчатки
",,,
Очки Хазула,45,,"Разум +310 
Радиус +700 
Обнаружение 1200
При использовании разведывает выбранную местность (1000 АоЕ) на 15 сек.","Треснувшие очки
2шт Сапфир
Серебряный слиток
",,,
Сет Хазула,50,,"Все статы +445
Обнаружение 300
Уклонение 5% 
5% при атаке противника исцелиться на 400 Хп 
(Актив): Временной скачок (Использовать на часть босса)","Очки Хазула
Телепортатор
Стазис-кружка
[Создается в Великой Кузнице]",,,
Нестабильный конвертер,50, Инженер,"Разум +450
Скорость атаки +0.9
Защита -50
Добыча руда +5
Аура Регенерации Мп +1 раз в 3 сек.
Аура Скорости атаки зданиям +0.25
(Пассив): Нестабильный конвертер
15% шанс при атаке получить +0.7 Скорости атаки на 5 cек.
Увеличение создаваемых патронов на 100%
(Актив): Конвентирует от 5 до 70% Хп в Арканит, кд 120 сек.
Увеличивает количество вскопанной руды на 2
+24% шанс вскопать руду и +14% не повредить глыбу","Телепортатор
Конвертер O.R.E
Арканитовый слиток х85
[Создается в Великой Кузнице]",,,
Нейро-балон,45,Медик,"Разум +450
Регенерация Мп +1
Длительность W +3 сек. и увеличивает лечение от W на 150
Q дает 1 стак, после 3-х стаков, дает щит в 7000 единиц на 8 сек.","Стазис-Кружка
Мед-Протез
Ожерелье ""Фиалка""
[Создается в Великой Кузнице]",,,
Сет Хазула v2.0,50,,"Все статы +500
Обнаружение 300
Уклонение 10% 
5% при атаке противника исцелиться на 550 Хп 
(Актив): Временной скачок (Использовать на часть босса)","Сет Хазула
Арканитовый слиток х30
Эссенция Жизни
Эссенция Жизни
[Создается в Ангельской Кузнице]",,,
Радиационный костюм,50,,"Все статы +350
Защита +65
Устойчивость к магии +30%
Каждые 3 сек восстанавливает 5% Хп (макс 950)
(Актив): Очищает все отрицательные эффекты (и триггерные), кд 45 сек.","Хим-костюм
Телепортатор
Ожерелье Лайм
[Создается в Великой Кузнице]",,,
Поврежденный техно-модуль,35,Инженер,"Разум +270
Разум +8%
Скорость атаки +0.9
Скорость бега +75
Двойной Ремонт 
Микро-обработка руды (+4) ",Дроп с Дронов Хазула,,,
Поврежденная силовая броня,35,Сталкер,"Сила +270 
Защита +95
Сопротивление урону +3.5%
Блокирование (50%, 75)
Раз в 5 сек выпустить молнию в 10, нанося урон 8500 + Сила х6 урона
(Актив): Сопроитвление урону +15% на 15 сек, кд 35 сек.",Дроп с Дронов Хазула,,,
Поврежденный реактор,35,Подрывник,"Разум +270
Защита +145
(Актив): 50% шанс на рефреш всех скиллов и наносит 70% от урона Q в 700 АоЕ, кд 30 сек.",Дроп с Дронов Хазула,,,
Поврежденный окуляр,35,Снайпер,"Ловкость +270
Атака +1400
Крит (5% х4)
Радиус +700
Стаки – снижает броню атакованного на 2 (увеличивает урон по боссам на 0.3%) на 1.5 сек, не более 50 стаков.",Дроп с Дронов Хазула,,,
Поврежденный воспламенитель,35,Пироманьяк,"Сила +270
Атака +330
Скорость атаки +0.8 
Крит (5% х3)
Защита +100
Стаки – при атаке повышает силу на 0.03% и урон +0.01% на 10 сек, не более 300 стаков.",Дроп с Дронов Хазула,,,
Поврежденный ускоритель частиц,35,Пулеметчик,"Ловкость +270
Скорость атаки +0.6
Крит (5% х3)
Стан (5%, 0.5с)
Расстрел: 7% шанс при атаке нанести Ловкость х8 + 6000 магического урона",Дроп с Дронов Хазула,,,
Поврежденная ракетница,35,Ракетчик,"Сила +270
Скорость атаки +0.7
(Пассив) Q дает 1 стак, не более 10. Каждый стак дает +3% урона. Стаки спадают через 14 сек.
10% шанс при убийстве врага наносит в 400 Аое Сила х6 урона",Дроп с Дронов Хазула,,,
Поврежденный преобразователь,35,Медик,"Разум +270
Уменьшение кд Q на 1 сек.
Раз в 5 сек. получает атаку, после которой хилит всех вокруг себя на 1000 Хп",Дроп с Дронов Хазула,,,
Техно-модуль,50,Инженер,"Все статы +5%
Разум +550
Атака +1800 
Скорость атаки +1.05
Скорость бега +75  
Двойной Ремонт 
Микро-обработка руды (+5) 
Количество вскопанной руды +2
Шанс вскопать руду +17%
Нельзя носить вместе с поврежденными частями!","Поврежденный техно-модуль
Льстец
Книга Времени (9й том)
Запасные детали
Эссенция Огня
Эссенция Жизни
[Создается в Ангельской Кузнице]",,,
Силовая броня,50,Сталкер,"Сила +475
Защита +120
Скорость бега +65
Сопротивление урону +8.5%
Блокирование 75
Раз в 10 секунд дает щит на 4500 ед.
Раз в 6 сек выпустить молнию в 10 целей, нанося урон 12500 + Сила х6 урона
(Актив): Сопротивление урону +35% на 3 сек, кд 35 сек.
Нельзя носить вместе с поврежденными частями!","Поврежденная силовая броня
Похотливая броня
Священный Лайм
Запасные детали
Эссенция Огня
Эссенция Жизни
[Создается в Ангельской Кузнице]",,,
Ядерный Реактор,50,Подрывник,"Разум +600
Уменьшает стоимость маны Q на 5
Увеличивает АоЕ радиус Q на 15%
При использовании любой способности кроме Q: шанс 35% мгновенно перезарядить Q. 
При использовании Q: Получает 35% Сопротивления урону на 3 сек. + (Мана х1.3) Защиты
(Актив) Рефреш всех скиллов и наносит 90% от урона Q в 700 АоЕ, кд 30 сек.
Нельзя носить вместе с вещами из крафта! ","Поврежденный реактор
Кислобум-8000
Мешок взрывчатки
Запасные детали
Эссенция Огня
Эссенция Жизни
[Создается в Ангельской Кузнице]",,,
Магический Окуляр,50,Снайпер,"Ловкость +550
Атака +1400
Скорость атаки +0.8
Крит (10% х6)
Стан (5% Атака х4, 2 сек.)
Радиус +1500
При убийстве враге Атака +700 и Скорость атаки +0.2 на 3 сек.
Стаки – снижает броню атакованного на 2 (боссам дополнительно увеличивает урон на 0.5%) и увеличивает Атаку на 30 на 2 сек, не более 35 стаков
Нельзя носить вместе с поврежденными частями!","Поврежденный окуляр
Похотливые перчатки
Перчатка Уничтожения
Запасные детали
Эссенция Жизни
Эссенция Огня
[Создается в Ангельской Кузнице]",,,
Воспламенитель,50,Пироманьяк,"Сила +400
Атака +1300
Скорость атаки +1.2
Крит (2% х3)
Защита +115
Аура восполнения (+30)
Стаки – при атаке повышает силу на 0.05% и урон на 0.15% на 10 сек, не более 300 стаков
При атаке поджигает цель на 3 сек, четырежды в секунду нанося Сила х4.5 физического урона.
При атаке на 2 сек. поджигает область в 185 АоЕ вокруг цели, трижды в секунду нанося Сила х3.5
Каждые 30 стаков вызывает метеориты, наносящие Сила х9 маг. урона
При достижений 330 стаков, стаки сбрасываются до 300. Стаки свыше 300 не имеют эффекта
Нельзя носить вместе с поврежденными частями!","Поврежденный воспламенитель
Огненное извержение
Пылающий восполнитель
Ненависть
Запасные детали
Эссенция Жизни
[Создается в Ангельской Кузнице]",,,
Ускоритель частиц,50,Пулеметчик,"Ловкость +500
Атака +900
Скорость атаки +1.05
Крит (5% х3)
Стан (5%, 0.5 сек.) 
Устойчивость к магии +15%
Скорость бега +80
Расстрел: 12% шанс при атаке нанести Ловкость х8 + 24500 магического урона
Каждый выстрел задевает цепной молнией еще трех целей, нанося им х0.12 Атака магического урона
(Актив) Атака +35% и Скорость атаки +0.35 на 15 сек, кд 25 сек.
Нельзя носить вместе с поврежденными частями!","Поврежденный ускоритель частиц
Алла
Акселератор электронов
Запасные детали
Эссенция Жизни
Эссенция Огня
[Создается в Ангельской Кузнице]",,,
Ракетная Установка,50,Ракетчик,"Сила +500
Атака +1400
Скорость атаки +0.9
Радиус +250 
(Пассив): Ракетная Установка
15% Шанс нанести х1.5 Атака урона и оглушить на 0.5 сек. в 150 аое
Раз в 3 секунды в случайного врага вылетает ракета наносящая Атака х2 урона и Атака х2 урона в 150 АоЕ
При убийстве повышает силу на 120 на 15 сек.
Q дает 1 стак, не более 10. Каждый стак дает +3% урона. Стаки спадают через 14 сек.
Нельзя носить вместе с поврежденными частями!","Поврежденная ракетница
Ворчун
Жажда наживы
Запасные детали
Эссенция Жизни
Эссенция Огня
[Создается в Ангельской Кузнице]",,,
Преобразователь маны,50,Медик,"Разум +550
Регенерация Мп +1
Устойчивость к магии +15%
Уменьшение кд Q на 2 сек.
Длительность W +3 сек, увеличивает Регенерацию Хп W на 180
Q дает 1 стак, после 3-х стаков, дает щит в 12000 едю на 8 сек. в 1600 АоЕ
Хим-выстрел +30%: дает союзнику Устойчивость к магии +10% и замедляет врагов на 10% на 4 сек.
Нельзя носить вместе с поврежденными частями!","Поврежденный преобразователь
Нейро-балон
Царская Любовь
Ториевый нейро-генератор
Запасные детали
Эссенция Жизни
[Создается в Ангельской Кузнице]",,,
,Демоническая Кузница и Классовые Вещи для 50 уровня,,,,,,
MEGA-HealPack,50,Медик,"Разум +550
Удача +3
Авто-лечение 400 Хп / 3 сек.
Всплеск (4000 Хп)
Q: +40% и Защита +150 на 6 сек. указанной цели","HealPack-3000
Рецепт: MEGA-HealPack
Осколок пламенной души 3 шт
Демонический слиток 5шт
[Создается в Великой Кузнице]",,,
Mr. Жаров,50,Пироманьяк,"Сила +550
Атака +1550
Скорость атаки +1.05
2% шанс восстановить 550 Хп и 3 Мп. 
Стаки – увеличение шанса восстановления, каждый стак дает по +0.23% шанс на 6 сек, не более 100 стаков
Повышение эффективности R на 50%","Mr. Пламень
Рецепт: Mr. Жаров
Осколок пламенной души 3 шт
Демонический слиток 5шт
[Создается в Великой Кузнице]",,,
Ледяная кара,50,Снайпер,"Ловкость +550
Атака +2550 
Крит (10% х5)
Радиус +600 
При атаке увеличивает скорость атаки по +0.1, не более +1","Безмолвный палач
Рецепт: Ледяная кара
Осколок пламенной души 3 шт
Демонический слиток 5шт
[Создается в Великой Кузнице]",,,
Сэмюэль Старший,50,Ракетчик,"Сила +500
Атака +1700 
Скорость атаки +1
Радиус +350 
Урон Q увеличен на 60%
При убийстве взрывает труп нанося (1000% от силы) урона врагам в радиусе 200 AoE (Не может сработать от взрыва трупа)","Большой Сэм
Рецепт: Сэмюэль Старший
Осколок пламенной души 3 шт
Демонический слиток 5шт
[Создается в Великой Кузнице]",,,
Крашер,50,Подрывник,"Разум +500
После использования Q персонаж может проходить через существ в течение 3-х сек.
Q дополнительно наносит увеличенный на 65% урон и имеет 50% шанс нанести х2 урон
R дополнительно наносит увеличенный на 35% урон.
При использовании любой способности (как и от предметов), дает стак
Каждый стак дает Разум +40 на 5.5 сек, не более 25 стаков","Бумер
Рецепт: Крашер
Осколок пламенной души 3 шт
Демонический слиток 5шт
[Создается в Великой Кузнице]",,,
Охотник,50,Сталкер,"Сила +400
Хп +7000
Скорость атаки +0.85
Уклонение 10%
Кд R уменьшен на 8с
При использований R дает +115 Защиты и +250 Регенерации Хп.
«Гаусс-пушка»: каждый удар дает 1 стак, не более 25. С каждым стаком повышается Защита на 12  и раз в 3 секунду всем врагам в 375 АоЕ от Сталкера наносится 0,3% от Макс. Хп Сталкера физ урона + Защита х0,15 маг. урона.","Каратель
Рецепт: Охотник
Осколок пламенной души 3 шт
Демонический слиток 5шт
[Создается в Великой Кузнице]",,,
Охотник,50,Сталкер,"Сила +550
Атака +1500
Скорость атаки +0.85
Защита -125
Сопротивление урону -25%
Кд R уменьшен на 8 сек.
«Убивалка»: каждая атака наносит урон в 325 АоЕ от атакуемой цели, нанося Сила х3 (физ. урон) + Атака х0.25 (маг. урон). Каждый 4-ый удар наносит Сила х9 (физ. урон) + Атака х0.75 (ма.г урон) в 325 АоЕ от атакуемой цели, и на 1 сек. накладывает «кровотечение» на врагов – замедление на 25% и повышение входящего урона на 15%.","Каратель
Рецепт: Охотник
Осколок пламенной души 3 шт
Демонический слиток 5шт
[Создается в Великой Кузнице]",,,
Бешеный,50,Пулеметчик,"Ловкость +550
Атака +1300 
Скорость атаки +1.1
Стан (5% Атака х4, 1 сек.)
Аура скорости атаки +35% 
Усиливает Е на 60%","Лютый
Рецепт: Бешеный
Осколок пламенной души 3 шт
Демонический слиток 5шт
[Создается в Великой Кузнице]",,,
Чудо техники,50,Инженер,"Разум +550
Атака +850
Радиус +500
Удача +2
Аура восстановления +100
Аура защиты техники +210
Аура атаки техники +200%
Микроволновая пушка (45000 урона раз в 3 секунды)
(Актив) Передвижная туррель Maus","Тех-Протез
Рецепт: Чудо техники
Осколок пламенной души 3 шт
Демонический слиток 5шт
[Создается в Великой Кузнице]",,,
Адская Фиалка,50,,"Хп +12000 
Мп +20
Реген Хп +15
Реген Мп  +70%
При использовании скиллов дает стак, после 3х стаков, хилит в 700 АоЕ 2200 Хп
(Актив) Восстановить 3600 Хп и 55 Мп, кд 60 сек.","Ожерелье Фиалка
Эссенция Огня
[Создается в Демонической Кузнице]",,,
Адский Индиго,50,,"Атака +600
Скорость атаки +1.2
Крит (6.6% х2.75), шанс у Снайпера в 3 раза больше
Раз в 12 сек, увеличивает крит. шанс на 15% на 5 сек.
(Актив): Крит. шанс 35%, Атака +1000. кд 30 сек.","Ожерелье Индиго
Эссенция Огня
[Создается в Демонической Кузнице]",,,
Адский Лайм,50,,"Защита +75
Радиус +500
Устойчивость к магии +12%
Скорость бега +85
Раз в 10 секунд дает щит на 4500 ед.
Стаки при получении урона, при достижении 35 стаков, дает на 5 сек. Устойчивость к магии +4%","Ожерелье Лайм
Эссенция Огня
[Создается в Демонической Кузнице]",,,
Обсидиановая Фиалка,50,,"Хп +12500
Мп +30
Реген Хп +200
Реген Мп +80%
5% шанс при получении урона восстановить 1500 Хп
(Актив) Восстановить 9200 Хп и 65 Мп, кд 90 сек.","Адская Фиалка
Эссенция Жизни
Эссенция Жизни
[Создается в Демонической Кузнице]
или
Священная Фиалка
Эссенция Огня
[Создается в Ангельской Кузнице]",,,
Обсидиановый Индиго,50,,"Атака +1350
Скорость атаки 1.1
Крит(5% х3), шанс у Снайпера в 3 раза больше
Раз в 12 сек. увеличивает крит. шанс на 45% на 3 сек.
При убийстве дает Атака +900 на 2 сек.
(Актив): Крит шанс +45%, Атака +1200. кд 40 сек.
НЕ СТАКАЮТСЯ ВМЕСТЕ С АДСКИМ И СВЯЩЕННЫМ ИНДИГО","Адский Индиго
Эссенция Жизни
Эссенция Жизни
[Создается в Демонической Кузнице]
или
Священный Индиго
Эссенция Огня
[Создается в Ангельской Кузнице]",,,
Обсидиановый Лайм,50,,"Защита +195
Радиус +500
Устойчивость к магии +12%
Скорость бега +95
Раз в 10 секунд дает щит на 5500 ед.
Стаки при получении урона, при достижении 35 стаков, дает на 5 сек. Устойчивость к магии +4%
5% шанс при получении урона: Защита +155 и Устойчивость к магии +4% на 10 сек.","Адский Лайм
Эссенция Жизни
Эссенция Жизни
[Создается в Демонической Кузнице]
или
Священный Лайм
Эссенция Огня
[Создается в Ангельской Кузнице]",,,
Колючий Преградитель,50,Сталкер,"Сила +350
Защита +215 
Блокирование 50% 250
Аура снижения урона (20%)
Раз в 8 секунд наносит 60% от Макс. Хп урона в 375 АоЕ","Коготь Алчности
Доспех из ториевой гусеницы
Радужный скелет
Радужный скелет
Эссенция Огня
Эссенция Огня
[Создается в Демонической Кузнице]",,,
Сет Алчности v2.0,50,,"Все статы +420
Удача +2
Награда за убийство (+75)
При убийстве наносит в 150 АоЕ урон в размере 8% от золота
Шанс 1% при получении урона нанести урон в размере 3% от золота
(Актив): Вспышка золота в области (наносит урон в количестве 9.5% от золота и оглушает на 0.2 секунды за каждые 80000 золота, до 2 секунд), кд 25 сек.","Сет Алчности
Эссенция Огня
[Создается в Демонической Кузнице]",,,
Сила Демона v2.0,50,,"Все статы +190
Защита +235
Скорость бега +75
Уклонение 10%
Аура скорости +25%
При убийстве нежити и демонов +350 Хп и 2 Мп ","Сила Демона
Эссенция Огня
[Создается в Демонической Кузнице]",,,
Сет Похоти v2.0,50,,"Все статы +400
Устойчивость к магии +25%
Магический ожог +100% урона
Магический ожог (800 AoE, 5000 + 150% от разума урона, не более 20000)","Сет Похоти
Эссенция Огня
[Создается в Демонической Кузнице]",,,
Демоническое одеяние жреца,50,,"Ловкость +420
Разум +420
Скорость бега +80
Аура скорости атаки +0.5
Аура Регенерации Хп +30
При применении способности дает стак на 5 сек.
Каждый стак дает Ловкость и Разум +15, не более 10 стаков","Взрывное одеяние жреца
Ожерелье Алчности
Ожерелье ""Индиго""
Демонический слиток х10
Эссенция Огня
[Создается в Демонической Кузнице]",,,
,Вещи из Страха,,,,,,
Пояс Страха,65,,"Сила +350 
Устойчивость к магии +5%
5% шанс при получении урона оглушить цель на 5 сек.",Дроп с босса,,,
Глаза Страха,65,,"Ловкость +350 
(Актив) Создает мини-версию себя, имеющую 35% от Хп и 35% от Атаки на 45 сек, кд 75 сек.
Мини-версии Медика и Подрывника имеют аналог оригинального Q с идентичным применением",Дроп с босса,,,
Язык Страха,65,,"Разум +350 
5% шанс при использовании способности и 10% при убийстве восстановить 40% маны",Дроп с босса,,,
Когти Страха,65,,"Атака +800 
Крит (5% х2), шанс у Снайпера в 3 раза больше
Раз в 10 сек. при атаке увеличивает Атаку на 560 на 5 секунд",Дроп с босса,,,
Наплечники Страха,65,,"Атака +1500 
Скорость атаки +0.7
Раз в 10 секунд при атаке наносит 55000 урона в 150 АоЕ",Дроп с босса,,,
Сет Страха,70,,"Все статы +600
Устойчивость к магии +10%
10% шанс при использовании способности и 15% шанс при убийстве восстанавить 50% Мп
(Актив) Создает мини-версию себя, имеющую 35% от Хп и 50% от Атаки на 45 сек, кд 75 сек.
Мини-версии Медика и Подрывника имеют аналог оригинального Q с идентичным применением","Пояс Страха
Глаза Страха
Язык Страха
[Создается в Великой Кузнице]",,,
Сет Страха v2,70,,"Все статы +680
Устойчивость к магии +12%
10% шанс при использовании способности и 15% шанс при убийстве восстанавить 50% Мп
(Актив) Создает мини-версию себя, имеющую 35% от Хп и 65% от Атаки на 45 сек, кд 75 сек.
Мини-версии Медика и Подрывника имеют аналог оригинального Q с идентичным применением","Сет Страха
Эссенция Огня
[Создается в Демонической Кузнице]",,,
Глотатель Страха,70,Подрывник,"Разум +440
Урон T +50%
После использования способности прибавляет 220 Защиты на 5 сек.
При прожатии взрывает выбранную цель и наносит вокруг Разум х35 физического урона, кд 30 секунд","Язык Страха
Эссенция Огня
Демонический слиток х12
Арканитовые гранаты х3
[Создается в Великой Кузнице]",,,
Смотрящая в душу,70,Снайпер,"Все статы +250
Ловкость +400
Атака +1150
Скорость атаки +0.7
Каждый выстрел дает стак, каждый стак дает +0.15 Скорость атаки
Каждый 5-й выстрел прошивает цель насквозь, нанося по линии огня Атака х1.3 физического урона
(Актив): Выпускает дестабилизирующий снаряд: наносит 400000 + х16 Ловкости урона в линию, кд 40 сек.","Глаза Страха
Бронебойная снайперка
Демонический слиток х12
Частица времени х4
Эссенция Огня
Эссенция Жизни
[Создается в Демонической Кузнице]",,,
Медальон Кошмаров,70,,"Все статы +225
(Актив) Призыв 2 Кошмаров (60 сек, кд 90)
Каждый удар кошмара повышает основной стат владельца на 5 ед.
Каждый удар кошмара отбирает у атакуемой цели 2 мс на 10 секунд
При наличии в инвентаре ""Очки обмана"" призывает 4-ех кошмаров вместо 2-ух","Глаза Страха
Душа Cтража
Арканитовый слиток х75
Эссенция Жизни
[Создается в Великой Кузнице]",,,
Загребушка-700,70,,"Ловкость +570
Атака +1700 
Скорость атаки +1.3
Стан (5% Атака х3, 2 сек) 
Устойчивость к магии +10%
Награда за убийство (+75)
25% шанс при убийстве на трансмутацию ближайшего врага и +700 Хп и 3 Мп. Срабатывание эффекта увеличивает Атаку на 800 на 5 сек.","Похотливые перчатки
Философский перстень
Кости Страха
Частица времени х4
Эссенция Огня
Эссенция Жизни
[Создается в Демонической Кузнице]",,,
Кости Страха,70,,"Атака +900
Скорость атаки +0.8
Крит(5%, х2), шанс у Снайпера в 3 раза больше
Раз в 10 секунд при атаке наносит 65000 урона в 150 АоЕ и увеличивает Атаку на 1300 на 5 секунд","Когти Страха
Наплечники Страха
[Создается в Великой Кузнице]",,,
Страхоискатель,70,Снайпер,"Ловкость +350
Атака +870
Шанс 5% при атаке создает Духа ужаса. Раз в секунду Дух наносит Ловкость х4.5 + Атака х0.3 магического урона и излечивает Снайпера на Ловкость х0.2 Хп. Живет 5 сек.
(Актив) Вызывает духа ужаса, кд 35 сек. Живет 10 сек.","Глаза Страха
Око демона
Труба Аккуратерса
Демонический слиток х12
Эссенция Огня
[Создается в Великой Кузнице]",,,
Подрыватель Страха,70,Подрывник,"Разум +550
Хп +(Основной Стат х3)
Защита -320
При использований Q, R восстанавливает 810 Хп, Защита +920 на 2 сек.
R наносит на 75% больше урона
Взрывчатка: длительность стана увеличена на 0.7 сек. 33% шанс нанести на 155% больше урона за каждый заряд в увеличенной на 25% области.","Укладчик взрывчаток
Пояс Страха
Частица времени х4
Эссенция Огня
[Создается в Великой Кузнице]",,,
Демонический Хранитель,70,Сталкер,"Сила +600
Защита +150
Регенерация Хп +100
Скорость бега +75
Удача -1
Каждые 10 сек. восстанавливает хп 1% от статов всех гоблинов в радиусе 800 AoE и наносит 50000% от восстановленого хп чистого урона врагам в 375 AoE
Шанс 15% при получении урона нанести 900% от силы урона в 375 AoE и восстановить хп 25% от силы
(Актив): Восстанавливает 3% Хп каждую секунду и наносит 200% от восстановленого хп чистого урона врагам в 375 AoE в течение 10 сек, кд 90 сек.
!!! Урон от избыточного восстановления учитывается только у активки !!!","Сет Хранителя v2.0
Когтистая броня
Пояс Страха
Наплечники Страха
Эссенция Огня
[Создается в Великой Кузнице]",,,
Вдова,70,,"Атака +1300 
Скорость атаки +1.2
Крит (6.6% х5), шанс у Снайпера в 3 раза больше
Раз в 12 секунд увеличивает Атаку на 1350 на 5 сек.","Когти Страха
Алебарда Похоти
Перчатка Уничтожения
Эссенция Огня
[Создается в Демонической Кузнице]",,,
Пугатель,70,,"Атака +1500 
Скорость атаки +1.5
Раз в 8 секунд при атаке наносит 350000 урона в 150 АоЕ","Наплечники Страха
Крылья Алчности
Демонический слиток х8
[Создается в Великой Кузнице]",,,
Похотливый Ужас,70,,"Сила +470 
Защита +150 
Раз в 5 секунд наносит до 10 ближайшим целям 15000 + Сила х5 урона разветвленной молнией
Наносит ближайшим врагам 450 + 2% от макс Хп(не более 5000) урона в секунду
(Актив): Устойчивость к магии + 70% на 2 сек.","Похотливая броня
Пояс Страха
Эссенция Огня
Демонический слиток х3
[Создается в Великой Кузнице]",,,
Очки обмана,70,,"Ловкость +400
Разум +400
Радиус +700
Обнаружение 500
(Актив): Создает мини-версию себя, имеющую 15% от Хп и 80% от Атаки на 45 сек, кд 75 сек.
При наличии в инвентаре ""Медальон кошмаров"" дополнительно дает Все статы +150","Очки Хазула
Глаза Страха
[Создается в Великой Кузнице]",,,
Испивающий душу,70,,"Разум +400
Аура Урона (5+Стаки)%
Аура Статов (Все статы +Стаки)/2%
Получает стак, который зависит от количества задетых мобов на 7 сек.
При использовании на цель, наносит ей и вокруг нее 10% от Макс Хп и 100000 урона(Боссы и мини-боссы получают 200000 урона), восстанавливает союзникам вокруг 4500 Хп, кд 35 сек.","Язык Страха
8шт Демонический слиток
Эссенция Огня
[Создается в Великой Кузнице]",,,
Алмазные когти,70,,"Сила +320
Скорость атаки +0.8
Раз в секунду при атаке наносит владельцу 700 урона, но взамен дает 3500 урона.
Раз в секунду при атаке наносит врагам в АоЕ 12000 урона.","Когти Страха
Коготь Алчности
Философский Камень х2
Алмаз х6
[Создается в Великой Кузнице]",,,
Доспех дознавателя,70,,"Сила +520
Разум +520
Атака +1500
Скорость атаки +1.05
Крит (6% х3), шанс у Снайпера в 3 раза больше
Устойчивость к магии +15%
При убийстве врага +250 Хп и 1 Мп
При получении урона от босса или мини-босса наносит 35000 + Основной Стат х5 урона вокруг себя, кд 5 сек.
(Актив) Наносит 450000 урона, кд 45 сек.","Охотник на ведьм
Язык Страха
Обсидиановый Индиго
Частица времени х5
Эссенция Жизни
Эссенция Огня
[Создается в Ангельской Кузнице]",,,
Техбрат-25Т,70,Медик,"Разум +500
Хп +6000
(Актив) Призывает тех-брата 
(Аура Брата) Все статы +300
(Атака Брата) Отхиливает хозяина на 1500 хп при атаке, и всех вокруг хозяина на 750 хп.","Царь скорпионов
Язык Страха
Мед-Протез
Частица времени х4
Эссенция Жизни
Эссенция Огня
[Создается в Ангельской Кузнице]",,,
Душежог-3000-G,70,Пироманьяк,"Сила +600 
Атака +800 
Устойчивость к магии +15% 
(Актив) Атака +1200, каждый удар лечит на 1% Хп, кд 45 сек. Действует 5 сек.","Поврежденный воспламенитель
Восполнитель (с раба)
Пояс Страха
Эссенция Жизни
[Создается в Великой Кузнице]",,,
Пытатель-135-F,70,Пироманьяк,"Сила +300
Атака +600
(Пассив): Атака дает 1 стак, не более 25. При достижении 25 стаков, наносит 250000 урона и 75000 в АоЕ 
(Актив): увеличивает получаемый стак на 1, кд 45 сек. Действует 15 сек.","Охотник на ведьм
Язык Страха
Зажигалка
Эссенция Огня
[Создается в Великой Кузнице]",,,
Пылающий пронзатель,70,Пулеметчик,"Ловкость +550
Атака +1100 
Крит (5% x5) 
Аура +45% скорости атаки
Расстрел: 10% шанс при атаке нанести Ловкость х10 + 26000 урона ","Когти антиматерии
Ненависть
Когти Страха
[Создается в Великой Кузнице]",,,
Доспехи Легиона,70,,"Атака +4000
Хп +28000
Мп +10
Защита +90
Регенерация Хп -200
Радиус +600
Скорость бега +100
Аура скорости боя +0.5
Удача -2
При убийстве врага +1000 Хп ","Доспехи Порчи
Знак лейтенанта демонов
Рецепт: Доспехи Легиона
Частица времени х4
Эссенция Огня х2
[Создается в Демонической Кузнице]",,,
Кольцо Страха (Пустое),70,,,"Рубиновый адский перстень
Сапфировый адский перстень
Алмазный адский перстень
Аметистовый адский перстень
Топазовый адский перстень
Изумрудный адский перстень
[Создается в Демонической Кузнице]
[Создается только на 45 волне]",,,
Кольцо Страха,100,,"Все статы +1300
Поглощение урона +6%
Магический ожог +10% урона
Подавление Танатофобии

1 раз за игру можно выбрать ауру:

- Аура (сам, союзники 500 AoE) каждую секунду восстанавливает 40 хп за волну

- Аура (сам, союзники 500 AoE) атака +3000 (для владельца 7000, не стакается)

- Аура (сам, союзники 500 AoE) шанс 5% (у Снайпера 15%) нанести 25% (у Снайпера 50%) магического урона врагу (не стакается)

- Аура (сам, союзники 500 AoE) каждые 10 сек. накладывает щит на 4000 на 5 сек. (для владельца 8000 на 10 сек., не стакается)

- Аура (сам, союзники 500 AoE) +400 защиты (не учитывается в проках от защиты, не стакается)

- Магический ожог (500 AoE, 20000 + 200% от статов урона, не более 500000)","Кольцо Страха (Заполненное)
Сет Страха
[Создается в Демонической Кузнице]
[Создается только после убийства Страха]",,,
,"Средний Этап, Крафты с кв",,,,,,
Осколок тьмы,,,Частичка темной энергии.,"Сосуд с порченой водой
Осколок Магий",,,
Осколок чистоты ,,,Сфера чистой энергии. От нее исходит могущественная сила Луны.,"Сосуд с лунной водой
Осколок Магий",,,
Очищающее зелье,,,"Зелье из лунной воды, грибов Ашенваля и Зенши.","Маслус х2
Аполесус х5
Осколок чистоты х2
Зенша х2
Сосуд с лунной водой х1",,,
,"Средний Этап, Дресс",,,,,,
Порванная сеть,85,,Материал с Босса,Дроп с босса,,,
Помятый серебряный ошейник,85,,Материал с Босса,Дроп с босса,  ,,
Сломанная булава,85,,Материал с Босса,Дроп с босса,,,
Ошейник Дрессировщика,85,,"Разум +410
Блокирование 150
Раз в 5 сек. при получении урона уменьшает урон ближайшим мобам урон на 15% на 2.5 сек.
(Актив): Призвать магнов ","Помятый серебряный ошейник
Смола х5
Осколок чистоты х4
[Создается в Великой Кузнице]",,,
Сете-пушка Дрессировщика,85,,"Ловкость +410
Атака +920
Раз в 5 сек. при атаке ловит цель в сетку на 3 сек, наносит Основной стат х6 урона.
С шансом в 33% может броситься наэлектризованная сеть, которая наносит Основной стат х4 урона в 300 АоЕ и станит вокруг на 1 сек.","Порванная сеть
Смола х3
Осколок чистоты х3
Осколок тьмы
[Создается в Великой Кузнице]",,,
Электро-булава Дрессировщика,85,,"Сила +410 
10% шанс при атаке выпустить молнию, наносящую Атака х0.35 урона ближайшим 15 целям","Сломанная булава
Смола х2
Очищающее зелье
[Создается в Великой Кузнице]",,,
Сет Дрессировщика,85,,"Все статы +645
Блокирование 150
10% шанс при атаке выпустить молнию, наносящую Атака х0.4 + Основной стат х5 урона ближайшим 15 целям
Раз в 5 сек. при получении урона уменьшает ближайшим мобам урон на 15% на 2.5 сек.
(Актив): Призвать магнов","Сете-пушка Дрессировщика
Электро-булава Дрессировщика
Ошейник Дрессировщика
[Создается в Великой Кузнице]",,,
Сет Дрессировщика v2.0,85,,"Все статы +745
Блокирование 150
10% шанс при атаке урона выпустить молнию, наносящую Атака х0.45 + Основной стат х5 урона ближайшим 15 целям
Раз в 5 сек. при получении урона уменьшает урон ближайшим мобам на 15% на 3 сек.
(Актив): Призвать улучшенных магнов","Сет Дрессировщика
Эссенция Жизни
Эссенция Жизни
Арканитовый слиток х30
[Создается в Ангельской Кузнице]",,,
Первая деталь экзотики,,,"Часть для крафта. 
Сохраняется.","Сете-Пушка Дрессировщика
Глаза Страха
Частица времени х6
Эссенция Жизни
[Создается в Великой Кузнице]",,,
Вторая деталь экзотики,,,"Часть для крафта. 
Сохраняется.","Язык Страха
Стазис-кружка
Частица времени х6
Эссенция Жизни
[Создается в Великой Кузнице]",,,
Экзотика,85,,"Ловкость +670
Атака +2100
Устойчивость к магии +10%
Скорость бега +80
Раз в 5 секунд при атаке ловит цель в сетку на 3 сек. (боссов и миников на 1.5), нанеся Основной стат х6 урона, а также в 420 АоЕ наносит Основной стат х3 + 4.5% от золота
(Актив) Выстрел золотом х2.5, не более 1200000 урона. Дает +0.35 Скорости атаки и +30% Атаки.","Алла
Первая деталь экзотики
Вторая деталь экзотики
Арканитовый слиток х180
Ториевый слиток х120
Очищающее зелье
[Создается в Великой Кузнице]",,,
Первая деталь бесстрашного война,,,"Часть для крафта. 
Сохраняется.","Электро-булава Дрессировщика
Пояс Страха
Осколок пламенной души х3
[Создается в Великой Кузнице]",,,
Вторая деталь бесстрашного война,,,"Часть для крафта. 
Сохраняется.","Наплечники Страха
Коготь Алчности
Осколок пламенной души х3
[Создается в Великой Кузнице]",,,
Бесстрашный воин,85,Ракетчик,"Сила +550
Атака +1650
Устойчивость к магии +15%
Дает Атаку в размере х0.5 Силы
Раз в 12 сек. при использовании Q повышает Атаку на 880 на 12 сек.","Первая деталь бесстрашного война
Вторая деталь бесстрашного война
Частица времени х5
Осколок тьмы х3
[Создается в Великой Кузнице]",,,
Первая деталь шокового устройства,,,"Часть для крафта. 
Сохраняется.","Ошейник Дрессировщика
Телепортатор
Эссенция Жизни
[Создается в Великой Кузнице]",,,
Вторая деталь шокового устройства,,,"Часть для крафта. 
Сохраняется.","Крылья Алчности
Царь скорпионов
Эссенция Огня
[Создается в Великой Кузнице]",,,
Шоковое устройство,85,,"Основной стат +420
Хп +24500
Защита -250
Аура скорости атаки для суммонов +0.5
(Пассив): Раз в 10 сек при атаке владельца все суммоны рядом получают +30% урона
(Актив): Призвать магнов и улучшенного Арх-ксума ","Первая деталь шокового устройства
Вторая деталь шокового устройства
Ториевый слиток х210
Серебряный слиток х240
Частица времени х10
[Создается в Великой Кузнице]",,,
Ошейник Подчинения,85,Инженер,"Разум +600
ХП +16000
Защита +180
Скорость бега +130
Пассив: каждые 15с призывает 2 волков на 10с. Волки: атака = Разум * 3, ХП = 40% от вашего, наносят ""кровотечение"" (Разум * 0.5 урона/сек, 3с) и замедляют на 20%.
Если волки убивают врага – вы восстанавливаете 5% маны.","Ошейник Дрессировщика
Венец Похоти
Эссенция Огня
Эссенция Огня
[Создается в Великой Кузнице]",,,
Первая деталь навязчивого пламени,,,"Часть для крафта. 
Сохраняется.","Сете-пушка Дрессировщика
Кислотная граната
Железный слиток х200
[Создается в Великой Кузнице]",,,
Вторая деталь навязчивого пламени,,,"Часть для крафта. 
Сохраняется.","Стазис-кружка
Ожерелье Алчности
Серебряный слиток х175
[Создается в Великой Кузнице]",,,
Навязчивое пламя,85,Медик,"Основной стат +520
Скорость бега +100
Аура Урона (2+Стаки)/2%
Аура Статов (Все Статы +Стаки)/4%
(Пассив): Получает стак, который зависит от общего количества задетых мобов за жизнь огонька на 10 сек.
(Актив): Призывает огонек на 8 сек, ежесекундно наносящий цели и вокруг нее 5% от Макс. Хп (кроме боссов и мини-боссов), восстанавливает союзникам вокруг 4500 Хп, кд 35 сек. ","Испивающий душу
Первая деталь навязчивого пламени
Вторая деталь навязчивого пламени
Эссенция Жизни
Эссенция Огня
Частица времени х12
[Создается в Ангельской Кузнице]",,,
Электрическая клешня,85,Инженер,"Сила +350
Разум +550
Раз в 3 сек при атаке наносит себе 500 урона, также с шансом в 33% вешает на врага наэлектризованность на 4 сек.
Если враг имеет дебафф наэлектризованности, то каждую секунду он оглушается на 0.5 сек и получает по 25000 урона, а также враг при получении урона из любых источников получает Разум Инженера х1.3 магического урона.
(Актив): Наэлектризовывает врага на 8 сек. кд 45 сек.","Электро-булава Дрессировщика
Алмазные когти
Эссенция Огня
Эссенция Огня
Демонический слиток х15
[Создается в Демонической Кузнице]",,,
Деталь Сапогов Зоофила,,,"Часть для крафта.
Сохраняется.","Стазис-кружка
Арканитовый слиток х220
Демонический слиток х20
Эссенция Жизни
Эссенция Огня
[Создается в Великой Кузнице]",,,
Сапоги Зоофила,85,,"Сила +575
Защита +250
Скорость бега +150
1% шанс при получении урона нанести Сила х12 и снизить Защиту на 25, также увеличивает физ. урон по боссам на 12% на 15 сек.
(Актив): Дает на 3.5 сек невосприимчивость к урону и повышает Скорость бега на 100. Отхиливает Интеллект х15 Хп, кд 60 сек.","Шипастые Сапоги
Ошейник Дрессировщика
Деталь Сапогов Зоофила
Очищающее зелье
[Создается в Великой Кузнице]",,,
Деталь Призрака,,,"Часть для крафта.
Сохраняется.","Пояс Страха
Ошейник Дрессировщика
Осколок Магий х2
Маслус х2
[Создается в Великой Кузнице]",,,
Призрак,85,Ракетчик,"Сила +680
Защита +150
5% шанс при убийстве восстановить Сила х0.7 Хп
(Пассив): При убийстве дает стаки, не более 20. При использований Q дает 5 стаков.
(Актив): Сбрасывает все стаки и процентно повышает урон от Q на 15 * Стаки
","Деталь Призрака
Ожерелье Алчности
Эссенция Жизни
Эссенция Огня
Эссенция Огня
[Создается в Великой Кузнице]",,,
Астральная сетка,85,,"Основной стат +575
Устойчивость к магии +20%
(Актив): Выбранная цель отправляется в Астрал, получая -90% к Скорости бега. Цель получит +33% ко Всем статам и уменьшает Устойчивость к магии цели на 20%. Действует 4 сек, кд 30 сек.","Сете-пушка Дрессировщика
Очки Хазула
Бронежилет Бомбса
Когтистая броня
Очищающее зелье
[Создается в Великой Кузнице]",,,
Пища гоба,30,,"Все статы +420
Удача +3
Владелец больше не испытывает голод
(Актив): Создает потрясную отбивную, кд 90 сек. Нельзя использовать на 10-ой волне и ниже","Волшебная приправа х5
Мясо Демона
Мясо Мурлока
Мясо кодоя
Эссенция Жизни х2",,,
Глаз-Алмаз,45,,"Все статы +490
Аура защиты +100
Крит (5% х2) шанс у Снайпера в 3 раза больше
Радиус +800
10% шанс доп. Осколок души с мини-боссов
3% шанс доп. Адский уголь
Актив (КД 10с): +15% шанс Осколка души на 5с","Любая часть Дрессировщика
Арахнидский Камень v2.0
Эссенция жизни
[Создается в Демонической Кузнице]
или
[Создается в Ангельской Кузнице]",,,
Шторм,85,,"Все статы +500
Основной стат +450
Регенерация ХП +250
Регенерация МП +1.8
Пассив: каждая 4-я атака вызывает молнию (наносит 50 * Уровень + 300% от статов (для Снайпера 200 от Уровня) магического урона)
Актив: вызвать шторм в 300 АоЕ на 10с. Каждый выстрел внутри зоны наносит Осн.стат×10 урона, восстанавливает 2 МП","Любая часть Дрессировщика
Любая часть сета Страха
Очищающее зелье
Арканитовый слиток х325
Железный слиток х275
[Создается в Великой Кузнице]",,,
,"Высокий Этап, Зява",,,,,,
Сердце Зависти,100,,"Разум +470
Удача -1
При получении урона увеличивает регенерацию маны на 2 ед. на 5 секунд",Дроп с босса,,,
Клык Зависти,100,,"Сила +470
Удача -1 
(Актив): Наносит 10% + 250000 урон всем ближайшим врагам, кд 35 секунд. Боссам и мини-боссам, наносит 500000 урона.",Дроп с босса,,,
Цепь Зависти,100,,"Ловкость +470 
Скорость Атаки +1
Удача -1
(Актив): Связывает владельца и другого гоблина. Связь рвется, если расстояние между связанными гоблинами более 800 аое
Дает выбранной цели скорость бега равную скорости бега владельца, если скорость владельца выше. Повышает Устойчивость к магии на 15%",Дроп с босса,,,
Резак Зависти,100,,"Атака +2000 
Скорость атаки +1.5 
Удача -1
Если рядом имеется гоблин, у которого сумма статов больше, чем у владельца, то хозяин Резака увеличивает Все статы на 15%
Иначе, повышает Сопротивление урону на 20% и повышает Атаку на 15%",Дроп с босса,,,
Рог Зависти,100,,"Защита +200
Радиус +500 
Обнаружение 500
Удача -1
Дает стаки при получении урона. Каждый стак дает 14 защиты. Максимум 25 стаков; сбрасывается, если стаки не обновлялись в течении 6 секунд.",Дроп с босса,,,
Сет Зависти,100,,"Все статы +720
Основной стат +300
Удача -2
При получении урона увеличивает Регенерацию Мп на 2 ед. на 5 сек.
(Актив): Отнимает 10% + 250000 Хп у всех ближайших врагов, кд 35 секунд. У боссов и мини-боссов отнимает 250000 Хп.
(Актив 2):Связывает владельца и другого гоблина. Связь рвется, если расстояние между связанными гоблинами более 800 аое
Дает выбранной цели скорость бега равную скорости бега владельца, если скорость владельца выше. Повышает Устойчивость к магии на 15%","Сердце Зависти
Клык Зависти
Цепь Зависти
[Создается в Великой Кузнице]",,,
Сет Зависти v2.0,100,,"Все статы +1000
Основной стат +400
Удача –2
При получении урона увеличивает Регенерацию Мп на 2 ед. на 5 сек.
(Актив): 12% + 400 000 урона всем врагам (боссы 400 000)
(Актив 2): Дает выбранной цели скорость бега, равную скорости бега владельца, если скорость владельца выше. Повышает Устойчивость к магии на 20%","Сет Зависти
Эссенция Огня
Эссенция Огня
[Создается в Демонической Кузнице]",,,
Спец-костюм,100,,"Все статы +550
Защита +150
Устойчивость к магии +35%
Каждые 3 сек восстанавливает 5% Хп, не более 1250.
Стаки при получении урона, не более 30. Каждый стак дает Защита +5.
(Актив): Очищает все отрицательные эффекты (и триггерные), кд 30 сек.","Радиационный костюм
Пояс Страха
Рог зависти
Частица греха х10
Осколок высших душ
Осколок высших душ
[Создается в Великой Кузнице]",,,
Деталь украденного света,,,"Часть для крафта.
Сохраняется.","Пища гоба
Перстень Алчности
Резак Зависти
Осколок высших душ
[Создается в Великой Кузнице]",,,
Украденный свет,100,,"Все статы +600
Радиус +600
Обнаружение 300
Удача +7
Владелец больше не испытывает голод
(Актив): Призыв Павшего арахнида. Повышает на 3 удачу на 5 сек.","Ангельский свет
Деталь украденного света
Осколок высших душ
Осколок высших душ
Частица греха х6
[Создается в Великой Кузнице]",,,
Полыхалка R-13,100,Пироманьяк,"Сила +800 
Атака +1650
Устойчивость к магии +15%
Напалм +5 к получаемому хп
(Пассив) Атака дает 1 стак, не более 25. При достижении 25 стаков, наносит 420000 урона и 250000 урона в АоЕ
(Актив): Увеличивает количество получаемых за раз стаков на 1, Атака +1200, Каждый удар лечит на 1% Хп, кд 45 сек. Действует 15 сек.","Душежог-3000-G
Пытатель-135-F
Клык Зависти
Осколок высших душ
Осколок высших душ
Частица греха х4
[Создается в Великой Кузнице]",,,
Пустота,100,,"Основной стат +720
Атака +2850
Скорость атаки +1.2
Защита +280
Скорость бега +85
Стаки при убийстве, не более 100. Действует 20 сек. Каждый стак дает 35 Атаки. При достижений 100 стаков перманентно дает 850 атаки.
Шанс 5% нанести 5% от макс хп цели чистого урона, если цель босс наносит 2000% от статов маг. урона, шанс у Снайпера в 3 раза больше","Острейший рогоклык
Пугатель
Льстец
Эссенция Огня
Осколок высших душ
Частица греха х5
[Создается в Великой Кузнице]",,,
Розовые Очки,100,,"Ловкость +650
Разум +650
Радиус +700
Обнаружение 500
(Пассив): Если предмет в инвентаре,гоблин окрашивается в розовый цвет
При наличии в инвентаре ""Медальон кошмаров"" дополнительно дает Все статы +320
(Актив): Создает мини-версию себя, имеющую 25% от Хп и 90% от Атаки на 60 сек, кд 75 сек.","Очки Обмана
Эссенция Высшей жизни
Эссенция Огня
Эссенция Жизни
[Создается в Демонической Кузнице]
или
[Создается в Ангельской Кузнице]",,,
Сонный парализатор,100,Снайпер,"Ловкость +600
Атака +3250
Радиус +600 
С шансом в 5% при атаке создает Духа Летаргии живет 5 сек, наносящего раз в секунду по 175 АоЕ Ловкость х6.5 + Атака х0.45 магического урона, задетые противники замедляются на 10%
Каждую атаку Снайпер восстанавливает 0.15% хп
(Актив) Вызывает Духа Летаргии на 15 сек.","Страхоискатель
Цепь Зависти
Когти Страха
Эссенция Огня
Эссения Высшей жизни
Частица греха х10
[Создается в Великой Кузнице]",,,
Платиновые Когти,100,,"Сила +670
Атака +2100
Скорость атаки +0.8
При убийстве врага наносит вокруг цели 200 000 ед. урона (не менее 5000 ед. урона и не более 15% макс. хп врага)
Раз в секунду при атаке наносит владельцу 750 урона, но взамен дает 5200 урона.
Раз в секунду при атаке наносит врагам в АоЕ 90000 урона.","Алмазные Когти
Клык Зависти
Ожерелье Индиго
Алмаз х15
Частица греха х10
[Создается в Великой Кузнице]",,,
Ожерелье Достатка,100,,"Разум +650
Хп +6000
Мп +30
+300 золота раз в 5 сек.
(Актив): Восстанавливает в 300 АоЕ 15000 Хп и 35 Мп, дополнительно восстанавливает по 250 Хп и 1 Мп за каждые 10000 золота (до 5000 хп и 20 Мп), кд 60 сек. 
Тратит 50000 золота при использовании.","Амулет продажности
Сердце Зависти
Ожерелье Фиалка
Эссенция Огня
Рубин х15
Частица греха х10
[Создается в Великой Кузнице]",,,
Порочный мультицвет,100,,"Все статы +550
Защита +225
При убийстве врага +1 Мп
При получении урона владелец увеличивает Регенерацию Мп союзников на 1 и Устойчивость к магии на 10% на 5 сек.
10% при атаке нанести Основной стат х15 магического урона в АоЕ. Шанс у Снайпера в 3 раза больше","Сердце Зависти
Ошейник Дрессировщика
Мультицвет
Ожерелье Лайм
Топаз х15
Частица греха х10
[Создается в Великой Кузнице]",,,
Душитель Х-8,100,Пулеметчик,"Ловкость +700
Атака +1950 
Крит (5% х6) 
Аура скорости атаки +45% 
5% при атаке восстановить 5 Мп и 2 Мп в АоЕ
Стаки – у атакованной цели снижается Скорость бега на 2 за каждый стак, не более 100 стаков. Действует 4 сек.
Расстрел: 10% шанс при атаке нанести Ловкость х10 + 46000 урона ","Пылающий пронзатель
Цепь Зависти
Любая часть Дрессировщика
Эссенция Высшей жизни
Частица греха х5
[Создается в Великой Кузнице]",,,
Кандалы Зависти,100,,"Основной стат +625
Сила +350 
Скорость бега +120
(Актив): Взять в Кандалы. Если выбранный юнит – гоблин, то он получает неуязвимость на 10 сек. Если юнит – враг, то цель оглушается на 3.5 сек.
Закованный в Кандалы юнит находится возле владельца до конца действия эффекта.","Цепь Зависти
Пояс Страха
Порванная сеть
Осколок высших душ
Осколок высших душ
Частица греха х3
[Создается в Великой Кузнице]",,,
Острейший Рогоклык,100,,"Основной стат +500 
Защита +100
Радиус +700
Стаки при убийстве, не более 100. Действует 20 сек. Каждый стак дает 35 Атаки. При достижении 100 стаков перманентно дает 700 Атаки.","Рог Зависти
Клык Зависти
[Создается в Великой Кузнице]",,,
Вероломный шлем,100,,"Сила +550 
Защита +200
Если Хп ниже 50%, повышает Сопротивление урону на 12%. 
Если Хп больше 50%, 10% шанс при получении урона нанести 5% от Макс. Хп + Основной стат х3 владельца урона всем вокруг гоблина.
Стаки при получении урона. Каждый стак дает по 14 защиты и 4 силы, не более 25 стаков Сбрасываются за 6 сек.","Рог Зависти
Электро-булава Дрессировщика
Пояс Страха
Осколок высших душ
Осколок высших душ
Частица греха х8
[Создается в Великой Кузнице]",,,
1- Нестабильный реактор,,,"Часть для крафта.
Сохраняется.","Поврежденный реактор
Порваная сеть дрессировщика
Частица греха х5
Осколок высших душ
Осколок высших душ
[Создается в Великой Кузнице]",,,
2- Нестабильный реактор,,,"Часть для крафта.
Сохраняется.","Кости страха
Телепортатор
Частица греха х5
Осколок высших душ
Осколок высших душ
[Создается в Великой Кузнице]",,,
Нестабильный реактор,100,Подрывник,"Сила +200
Разум +700
Защита +120
Скорость бега +85
Шанс 25% увеличить урон от Т увеличен на 100%
Увеличивает радиус T на 50%","1-я часть нестабильного реактора
2-я часть нестабильного реактора
Сердце зависти
Эссенция Высшей жизни
Частица греха х8",,,
Непрощающий,100,Медик,"Разум +700
Устойчивость к магии +15%
Аура Устойчивости к магии +10%
Заражение дополнительно уменьшает Устойчивость к магии целей на 15%
(Актив): Цель получает щит на Макс Хп х1.5 Хп на 20 сек, кд 60 сек.","Сердце Зависти
Эссенция Огня
Частица греха х10
[Создается в Великой Кузнице]",,,
Словарь Демонов,100,,"Все статы +600
Разум +300
Радиус +600
Обнаружение +300
Регенерация мп +2
Удача -1
Магический ожог (800 AoE, 25000 + 300% от разума урона, не более 200000)
Владелец больше не испытывает голод
(Актив): Призыв Павшего арахнида. Повышает на 11 удачу на 5 сек.","Язык Страха
Сердце Зависти
Эссенция Огня
[Создается в Великой Кузнице]

После обновления:
Украденный свет
Язык Страха
Сердце Зависти
Эссенция Огня
[Создается в Великой Кузнице]",,,
1-Деталь Доспеха Инквизитора,,,"Часть для крафта.
Сохраняется.","Язык Страха
Ошейник Дрессировщика
Эссенция Огня
Демонический слиток х14
[Создается в Великой Кузнице]",,,
2-Деталь Доспеха Инквизитора,,,"Часть для крафта.
Сохраняется.","Рог Зависти
Сердце Зависти
Эссенция Жизни
Арканитовый слиток х245
[Создается в Великой Кузнице]",,,
Доспех Инквизитора,100,,"Сила +720
Разум +720
Основной стат +230
Атака +2500
Скорость атаки +1.05
Крит (6% х4), шанс у снипа в 3 больше
Устойчивость к магии +15%
При убийстве врага +400 Хп и 1 Мп
5% шанс при атаке получить щит на 15000 Хп, действует 15 сек.
При получении урона от босса или мини-босса наносит 70000 + Основной стат х6 урона вокруг себя, кд 5 сек.
При получений урона увеличивает Регенерацию Мп на 2 на 5 сек.
(Актив): Наносит 1450000 урона, кд 45 сек.","Доспех дознавателя
1-Деталь Доспеха Инквизитора
2-Деталь Доспеха Инквизитора
Осколок высших душ
Осколок высших душ
Частица греха х5
[Создается в Великой Кузнице]",,,
1-Деталь Духа проклятого Зверя,,,"Часть для крафта.
Сохраняется.","Порочный мультицвет
Любая часть сета Страха
Частица греха х5
Осколок высших душ
[Создается в Великой Кузнице]",,,
2-Деталь Духа проклятого Зверя,,,"Часть для крафта.
Сохраняется.","Ожерелье Достатка
Любая часть Дрессировщика
Частица греха х5
Осколок высших душ
[Создается в Великой Кузнице]",,,
3-Деталь Духа проклятого Зверя,,,"Часть для крафта.
Сохраняется.","Похотливый ужас
Любая часть сета Алчности
Частица греха х5
Осколок высших душ
[Создается в Великой Кузнице]",,,
Дух проклятого Зверя,100,,"Все статы +950
Хп +6000
Мп +20
Защита +325
4% шанс при получении урона и 4% шанс при атаке (у Снайпера шанс в 3 раза больше) нанести Основной стат х25 урона в АОЕ. 
Магический ожог (300 AoE, 50000 + 150% от силы и ловкости урона, не более 200000)
При получении урона увеличивает Регенерацию Мп на 1 на 5 сек.
При убийстве +1 Мп
+60 золота раз в сек.
(Актив): Устойчивость к магии +70% на 2 сек. +15000 Хп и 35 Мп, кд 60 сек.","1-Деталь Духа проклятого Зверя
2-Деталь Духа проклятого Зверя
3-Деталь Духа проклятого Зверя
Эссенция Жизни
Эссенция Огня
Эссенция Высшей жизни
[Создается в Великой Кузнице]",,,
Продавец душ,100,,"Сила +550
Ловкость +770
Атака +3250
Скорость атаки +1.35
Крит (5% х5)
Стан (5% Атака х3, 2 сек.) 
Радиус +500
Устойчивость к магии +15% 
25% шанс при убийстве на трансмутацию ближайшего врага, также +700 Хп, +3 Мп, +0.7 скорости атаки и +1000 атаки на 5 сек. 
Следующая атака в течение 3х сек по цели наносит 500000 урона.
Награда за убийство (+75)","Загребушка-700
Когти антиматерии
Резак Зависти
Наплечники Страха
Частица греха х5
Осколок высших душ
[Создается в Великой Кузнице]
",,,
Доспехи Легиона v2.0,100,,"Атака +5250
Хп +43000
Мп +15
Защита +140
Регенерация Хп -200
Радиус +600
Скорость бега +100
Аура скорости боя +0.7
Удача -4 
При убийстве врага +1000 хп","Доспехи Легиона
Частица греха х5
Эссенция Высшей Жизни
Эссенция Огня
Эссенция Огня
Эссенция Жизни
[Создается в Демонической Кузнице]",,,
Нано-кирка,100,Инженер,"Все статы +235
Разум +850
Скорость атаки +1.5
Защита +250
Удача +2
Аура замедления Скорости атаки и бега -20% 
Аура Регенерации Хп +400 
Аура ремонта зданий +500
Ремонт усилен в 5 раз
Скорость бега светлячков +35%
Нано-обработка руды (+6) 
Количество руды +4
Шанс вскопать руду +35%
Шанс не повредить глыбу +18%","Сет Рабовладельца v2.0
Поврежденный техно-модуль
Резак Зависти
Осколок высшей Жизни
Осколок высшей Жизни
Частица греха х8
[Создается в Великой Кузнице]",,,
Око Разорителя,100,,"Атака +2000
Аура защиты +200
Крит (5% х3) шанс у Снайпера в 3 раза больше
Радиус +800
20% шанс доп. Осколок души с мини-боссов
5% шанс доп. Адский уголь
(Актив): Пронзает взглядом выбранного мини-босса понижая защиту на 20, убив его появляется мини-босс Кошмар, с которого с шансом 50% выпадет осколок","Глаз-Алмаз
Глаза Страха
Сердце Зависти
Осколок высшей Жизни
Частица греха х8
[Создается в Великой Кузнице]",,,
,"Высокий Этап, КвАрт 100",,,,,,
Амулет Изгнания,,,,"Грибной спирт х10
Драконья чешуя
Демонический слиток х20
Печать врат
Эссенция Жизни
Рецепт: ""Амулет Изгнания""
[Создается в Демонической Кузнице]",,,
Печать врат,,,,"Серебряный слиток х50
Серебряные боеприпасы х500
Эссенция Жизни
Эссенция Жизни
Рецепт: ""Печать Врат""
[Создается в Демонической Кузнице]",,,
Драконья Слеза,100,Медик,"Разум +1000
Радиус +750
Регенерация Мп +1
Удача +5
Авто-лечение 12000 Хп / 6 
Всплеск (лечение 8000 Хп союзникам и медику) 
Хим выстрел +80%: Защита +300 и Регенерация Хп +1000 на 4 сек.
Если Q имеет 3 уровень прокачки, то способность заменяется на усиленный Q. Усиленный Q имеет большую дальность, большую скорость полета снаряда и уменьшенный кд
Q дает щит в 6500 ед.на 4 сек. в 900 АоЕ
R дешевле на 10 Мп","Преобразователь маны
Боевой дракон
Амулет Изгнания
Драконья чешуя
MEGA-HealPack
Рецепт: Драконья Слеза
[Создается в Драконьей Кузнице]",,,
Драконье Дыхание,100,Пироманьяк,"Сила +1000
Атака +2500
Скорость атаки +1.85
Крит (5% х4)
Напалм +5 к получаемому хп
2% при атаке восстановить 1200 Хп и 3 Мп
Стаки – увеличение шанса отхила, каждый стак дает по +0.23% шанс на 10 сек, не более 100 стаков
При атаке повышает силу на 0.05%, урон на 0.15% на 10 сек, не более 300 зарядов
Каждые 30 стаков атакует метеоритами, наносящими Сила х9 магического урона.
При достижений 330 стаков, стаки сбрасываются до 300. Стаки выше 300 не дают доп. статов.
При атаке поджигает цель на 3 сек, четырежды в секунду нанося Сила х4.5 физического урона, также поджигает область в 185 АоЕ на 2 секунды. Трижды в секунду наносит Сила х3.5
Повышение эффективности R на +80%","Воспламенитель
Боевой дракон
Амулет Изгнания
Драконья чешуя
Mr. Жаров
Рецепт: Драконье Дыхание
[Создается в Драконьей Кузнице]",,,
Драконий Коготь,100,Пулеметчик,"Ловкость +1000
Атака +3500
Скорость атаки +2
Крит (5% х4)
Стан(5% Атака х4, 1 сек.)
Устойчивость к магии +15%
Скорость бега +80
(1-ый Режим): Стаки при атаке. Повышает каждую Атаку на 200, не более 10 стаков. Спадает за 1.2 сек.
Эгоизм Е на 90%
Ульта наносит на 30% больше урона.
Расстрел: 12% шанс при атаке нанести Ловкость х8 + 24500 магического урона
Каждый выстрел задевает цепной молнией еще трех целей, нанося им Атака х0.12 магического урона","Ускоритель частиц
Боевой дракон
Амулет Изгнания
Драконья чешуя
Бешеный
Рецепт: Драконий Коготь
[Создается в Драконьей Кузнице]",,,
Драконий Коготь-2,100,Пулеметчик,"Ловкость +1000
Атака +3500 
Скорость атаки +0.3
Крит (5% х4)
Стан (5% Атака х4, 1 сек.)
Устойчивость к магии +15%
Поглощение урона +5%
Скорость бега +80
Аура атаки +20% (не работает на себя)
Аура скорости атаки +0.7
(2-ой Режим): Харизма Е на 90%. Харизма дает вдобавок Регенерацию Мп +0.7 мп. Уменьшает кд R на 5 сек.","Ускоритель частиц
Боевой дракон
Амулет Изгнания
Драконья чешуя
Бешеный
Рецепт: Драконий Коготь
[Создается в Драконьей Кузнице]",,,
Драконий Характер,100,Подрывник,"Разум +1000 
Мп +20
После использования Q персонаж может проходить через существ в течение 3-х секунд
Q дополнительно наносит увеличенный на 100% урон и имеет 50% шанс нанести 2х урон, также повышает Сопротивление урону на 35% на 3 сек.
Уменьшает затраты маны Q на 5
Увеличивает АoЕ радиус Q на 15%
Добавляет новый скилл у персонажа – Мгновенная перезарядка
При использовании любой способности, кроме Q: шанс 35% мгновенно перезарядить Q
(Актив): Закидывает мины в указанные точки, существуют 20 сек. (действие обновляется)
Раз в 5 секунд появляется по 1 заряду, не более 12
Каждая мина наносит Разум х15 урона. Все взрывается моментально, если установлено 10 мин или при выделении одной из них
Режим Стаков:
При использовании любой способности (как и от итемов) дает стак
Каждый стак дает Разум +60 на 6.5 сек, не более 25
Команда для смены режима ""-ic"" ","Ядерный Реактор
Боевой дракон
Амулет Изгнания
Драконья чешуя
Крашер
Рецепт: Драконий Характер
[Создается в Драконьей Кузнице]",,,
Драконье Око,100,Снайпер,"Ловкость +1000
Атака +7000
Скорость атаки +1.2 
Крит (10% х10)
Стан (5% Атака х4, 2 сек.) 
Радиус +1200
(Пассив): Драконье Око
Уменьшает кд R на 6 сек. а также ее затраты маны на 30%.
Снижает броню атакованного на 2 (увеличивает урон по боссам на 0.5%) на 10 сек, не более 35 стаков.
С шансом 8% выстреливает во врага снаряд, наносящий Ловкость х10 + Атака х2 и накладывает дебафф 
(Расколотая броня - наносимый урон увеличивается на 10% на 4 сек)
(Актив): Раскалывает броню, враг получает на 30% больше урона от снайпера в течение 10 сек, кд 30 сек.","Магический Окуляр
Боевой дракон
Амулет Изгнания
Драконья чешуя
Ледяная кара
Рецепт: Драконье Око
[Создается в Драконьей Кузнице]",,,
Драконья Душа,100,Сталкер,"Сила +800
Хп +12000
Защита +100
Уклонение 10%
Сопротивление урону +12.5%
Скорость бега +75
Кд R уменьшен на 8 сек.
(Пассив): Драконья Душа
При использовании R дает Защиту +185 защиты и Регенерацию Хп +350
При получении шанс 9% выпустить молнию в 10 целей, нанося урон 45000 + Сила х6 магического урона
«Гаусс-пушка», каждый удар дает 1 заряд, не более 25. Увеличивает Защиту на 12 с каждым стаком, ежесекундно наносит всем врагам в 375 АоЕ 0,45% от Макс Хп сталкера физического урона + Защита х0,2 магического урона за стак.","Силовая броня
Боевой дракон
Амулет Изгнания
Драконья чешуя
Охотник
Рецепт: Драконья Душа
[Создается в Драконьей Кузнице]",,,
Драконья Душа-2,100,Сталкер,"Сила +1100
Атака +6500
Защита -245
Скорость атаки +1
Сопротивление урону -15%
Скорость бега +75
Кд R уменьшен на 8 сек.
(Пассив): Драконья Душа
«Убивалка», каждая атака наносит АоЕ урон в радиусе 325 от атакуемой цели, нанося Сила х3 физического урона + Атака х0.25 магического урона. Каждый 4 удар наносит Сила х9 физического урона + Атака х0.75 магического урона в 325 АоЕ от атакуемой цели, и накладывает «кровотечение» на врагов на 1 сек. - замедление на 25% и снижение Сопротивления урону на 15%.
5% шанс при нанесении урона создать 2 драконьих шара. Появляются на 5 сек. Атакуют каждую секунду. Наносят в небольшом АоЕ Сила х15 магического урона.","Силовая броня
Боевой дракон
Амулет Изгнания
Драконья чешуя
Охотник
Рецепт: Драконья Душа
[Создается в Драконьей Кузнице]",,,
Драконий Крик,100,Ракетчик,"Сила +1000
Атака +3500
Скорость атаки +1.3 
Радиус +350 
Урон Q увеличен на 90%
Cдерживание усилено на 120%.
(Пассив): Драконий Крик
При убийстве повышает Атаку на 15% на 15 сек.
При убийстве врага и с 10% шансом при получении урона в случайного врага вылетает ракета наносящая Атака х2 урона и Атака х2 урона в 150 АоЕ
15% Шанс нанести х1.5 Атака урона, оглушает на 0.5 сек. в 150 АоЕ
Стаки при убийстве или при касте Q, не более 100. Действуют 15 сек.
Каждый стак увеличивает урон Q на 1% и Атаку на 1%","Ракетная Установка
Боевой дракон
Амулет Изгнания
Драконья чешуя
Сэмюэль Старший
Рецепт: Драконий Крик
[Создается в Драконьей Кузнице]",,,
Драконий Разум,100,Инженер,"Разум +1000
Атака +2200
Скорость атаки 1.05 
Радиус +500
Скорость бега +75
Удача +3
Аура восстановления +350
Аура защиты техники +550
Аура атаки техники +200%
(Пассив) Драконий Разум
Шоковая пушка (245000 урона раз в 3 секунды)
Увеличивает эффективность руды в антенне в 3 раза и добавляет в ближайшей своей антенне новый скилл
Маяки живут в 1.5 раза дольше.
(Актив) Призвать Механического Дракона. Занимает 3 лимита.","Техно-модуль
Боевой дракон
Амулет Изгнания
Драконья чешуя
Чудо техники
Рецепт: Драконий Разум
[Создается в Драконьей Кузнице]",,,
Дракончик,100,,"Все статы +400
(Актив): Призвать дракончика 
Дракончик
        Напалм, стоит 3 сек, наносит по 12000 урона в сек.","Яйцо дракона
Эссенция Огня
Эссенция Жизни
[Создается в Демонической Кузнице]",,,
Дракон,100,,"Все статы +500
(Актив): Призвать дракона 
Дракон
        Напалм, стоит 3 сек, наносит по 12000 урона в сек.
        Аура могущества: Повышает всем союзным суммонам урон на 30%
        Скилл: Стреляет во всех врагов в области","Дракончик
Эссенция Огня
Эссенция Огня
[Создается в Демонической Кузнице]",,,
Боевой дракон,100,,"Все статы +600
(Актив): Призвать боевого дракона
Боевой дракон
        Напалм, стоит 3 сек, наносит по 12000 урона в сек.
        Аура могущества: Повышает всем союзным суммонам урон на 30%.
        Скилл: Стреляет во всех врагов в области, кд 25 сек.
        Скилл: Повышает урон напалма до 21000 урона в сек на 3 сек, кд 30 сек.
        Скилл: Каждая атака повышает урон в течение 3-х секунд на 3% за атаку. После конца держится в течение 10 сек, кд 45 сек.","Дракон
Эссенция Огня
Эссенция высшей Жизни
[Создается в Демонической Кузнице]",,,
Яйцо дракона,100,,Все статы +300,Дроп с дракона,,,
Доспехи Дракона,100,,"Атака +8250
Хп +80000
Мп +20
Защита +140
Регенерация Хп -250
Радиус +700
Скорость бега +100
Поглощение урона +5%
Аура скорости боя +0.8
При убийстве врага +1500 Хп
(Актив) Вы и ваши драконы получаете бафф ""Пробуждение"" (увеличивает атаку 20%) на 25 сек, кд 45 сек.","Доспехи Легиона v2.0
Драконья чешуя
Боевой дракон
Рецепт: ""Доспехи Дракона""
[Создается в Драконьей Кузнице]",,,
Драконье одеяние жреца,100,,"Ловкость +850
Разум +850
Скорость бега +80
Устойчивость к магии +18%
Аура скорости атаки +0.8
Аура Регенерации Хп +200
Аура защиты +200 (не учитывается в проках от защиты)
При применении способности дает стак на 5 сек.
Каждый стак дает Ловкость и Разум +120, не более 10 стаков","Демоническое одеяние жреца
Амулет Изгнания
Драконья чешуя
Эссенция Огня
[Создается в Драконьей Кузнице]",,,
,Предметы из Шиззла,,,,,,
Помятый шлем,,,Дроп с босса ,,,,
Ящик со склянками,,,Дроп с босса ,,,,
Запертый дневник,,,Дроп с босса ,,,,
Шлем Шиззла,105,,"Статы +300
Шанс 15% при получении урона восстановить хп 25% от защиты и нанести 100000 магического урона в радиусе 200 AoE","Помятый шлем
Смола х15
Осколок чистоты х4
[Создается в великой кузнице]",,,
Дневник Шиззла,105,,"Статы: 300
Актив: Призывает Существо которое сражается за вас 23 секунды, затем умирает от взрыва мозга.","Запертый дневник
Набор алмазных отмычек
[Создается в великой кузнице]",,,
Зелья Шиззла,105,,"Статы: 300
Каждые 3 секунды ближайший противник получает банкой по мордасам, которая нанесет ему 50000 магического урона и оглушит на 0.25 сек.","Ящик со склянками
Осколок чистоты х4
Очищающее зелье
[Создается в великой кузнице]",,,
Сет Шиззла,105,,"Статы +900
Шанс 15% при получении урона восстановить хп 50% от защиты и нанести 100000 магического урона в радиусе 200 AoE
Каждые 3 секунды ближайший противник получает банкой по мордасам, которая нанесет ему 50000 магического урона и оглушит на 0.25 сек.
Актив: Призывает Существо которое сражается за вас 23 секунды, затем умирает от взрыва мозга.","Зелья Шиззла
Дневник Шиззла
Шлем Шиззла
[Создается в великой кузнице]",,,
Шлем Воеводы,105,,"Сила +450
Разум +450
Защита +250
Устойчивость к магии +12%
Каждые 8 сек. дает щит на 12000 ед. на 5 сек.
Актив: Призывает 2 Берсеркеров Чёрной Кости на 20 сек.","Амулет Вождя Огров
 Шлем Шиззла
Эссенция Жизни
Эссенция Жизни
Смола х3
[Создается в великой кузнице]",,,
Нейрохилотрон-500,105,медик,"Разум +1560
Радиус +600
Обнаружение 300
Аура восполнения +390
Уменьшение кд Q на 2 сек.
Длительность W +2 сек.
Увеличение лечения от W на 200
Лечение Живой химии вызывает Магический ожог (300 AoE, (50 за волну) + (5000 за каждые 10 волн) урона)
Шанс 5% при касте призвать Живую химию на 10 сек.
Q дает стак, после 3-х стаков дает щит 15000 ед. на 5 сек.","Пылающий восполнитель
Дневник Шиззла
Зелья Шиззла
Нейро-балон
Эссенция высшей души
Эссенция жизни
[Создается в великой кузнице]",,,
Эксперимент-ХВ00-М,105,подрывник,"Разум +1500
Защита -400
При использований Q, R восстанавливает 2000Хп, защита +920 на 2 сек.
R наносит на 120% больше урона
Взрывчатка: длительность стана увеличена на 0.7 сек. 33% шанс нанести на 200% больше урона за каждый заряд","Подрыватель Страха
Глотатель Страха
Зелья Шиззла
Дневник Шиззла
Очищающее зелье
Эссенция жизни
[Создается в великой кузнице]",,,
Амулет Вождя Огров,105,,"Сила +450
Защита +250
Скорость бега +120
Устойчивость к магии +15%
Каждые 8 сек. дает щит на 6000 ед. на 5 сек.
Актив: Призывает 2-х элитных огров на 20 сек.","Помятый амулет
Обсидиановый Лайм
Эфемерный сосуд
Эссенция жизни
Эссенция жизни
[Создается в великой кузнице]",,,
Помятый амулет,,,"Во время боя этот амулет был сильно повреждён. Судя по осколкам украшений, этот амулет — нечто среднее между изумрудным ожерельем и сосудом, только намного мощнее. Может с их помощью получится починить его?",,,,
Набор алмазных отмычек,,,Позволяет вскрывать сложные замки,"30 Алмазов
190 Арканита
Смола x5
[Создается в великой кузнице]",,,
Бесконечная микстура магии,,,"Увеличивает магический урон со скилов и лечение на 25%
Действует 3 мин.
Перезарядка 5 мин.","Эссенция жизни
Эссенция жизни
Зелья Шиззла
Магическое зелье
[Создается в великой кузнице]",,,
Бесконечная микстура урона,,,"Увеличивает физический урон на 25%
Действует 3 мин.
Перезарядка 5 мин.","Эссенция жизни
Эссенция жизни
Зелья Шиззла
Зелье урона
[Создается в великой кузнице]",,,
Бесконечная микстура защиты,,,"Увеличивает защиту на 25%
Действует 3 мин.
Перезарядка 5 мин.","Эссенция жизни
Эссенция жизни
Зелья Шиззла
Зелье защиты
[Создается в великой кузнице]",,,
Бесконечная микстура силы,,,"Увеличивает силу на 25%
Действует 3 мин.
Перезарядка 5 мин.","Эссенция жизни
Эссенция жизни
Зелья Шиззла
Зелье Силы
[Создается в великой кузнице]",,,
Бесконечная микстура скорости,,,"Увеличивает скорость себе и союзникам рядом в 4 раза
Действует 30 сек.
Перезарядка 5 мин.","Эссенция жизни
Эссенция жизни
Зелья Шиззла
Зелье скорости
[Создается в великой кузнице]",,,
Бесконечная микстура интеллекта,,,"Увеличивает разум на 25%
Действует 3 мин.
Перезарядка 5 мин.","Эссенция жизни
Эссенция жизни
Зелья Шиззла
Зелье интеллекта
[Создается в великой кузнице]",,,
Бесконечная микстура ловкости,,,"Увеличивает ловкость на 25%
Действует 3 мин.
Перезарядка 5 мин.","Эссенция жизни
Эссенция жизни
Зелья Шиззла
Зелье ловкости
[Создается в великой кузнице]",,,
,Предметы из Смерти,,,,,,
Кольцо Смерти,110,,"Дроп с босса
Ловкость +400
Удача -2",,,,
Накидка Смерти,110,,"Дроп с босса    
Разум +400
Удача -2",,,,
Амулет Смерти,110,,"Дроп с босса
Сила +400
Удача -2",,,,
Жнец,110,,"Дроп с босса
Удача -2
При убийстве восстанавливает 2000 хп",,,,
Несправедливость,110,,"Дроп с босса
Атака +2000
Удача -2",,,,
"Сет Смерти
",120,,"Все статы +1440
Удача -2
Магический ожог +50% урона
Подавление Танатофобии
При убийстве восстанавливает 1500 и повышает атаку на 5000 на 3 сек.
Шанс 5% уменьшить хп врага в 2 раза (шанс у Снайпера в 3 раза больше, не работает на боссов)"," Накидка Смерти, 
Кольцо Смерти, 
Амулет Смерти
Жнец
Несправедливость
Эссенция гибели
{Создается в великой кузнице}",,,
Голос Смерти,110,,"Каждые 3 сек. вызывает Магический ожог (500 AoE, 75000 + 300% от разума урона, не более 500000) возле случайного врага в радиусе 1000 AoE","Накидка Смерти 
Язык Страха
Эссенция гибели
[Создается в Великой кузнице]",,,
Амулет Глотателя Душ,110,,"Сила +600
Разум +1200
Защита +200
При убийстве восстанавливает 1500 хп и раз в 3 сек. понижает атаку врагов возле убитого на 50000 на 1 сек.
(Актив): Призвать улучшенных магнов","Ошейник Дрессировщика
Амулет Смерти
Эссенция жизни
Эссенция гибели
[Создается в Великой кузнице]",,,
Золотая лихорадка,110,,"Атака +9000
Скорость атаки +1.2
При убийстве восстанавливает 5% хп (не более 3000)
5% шанс нанести 50% от золота чистого урона (шанс у Снайпера в 3 раза больше, не более 200000)","Резак Зависти 
Жнец
Несправедливость
Эссенция Огня
Эссенция гибели
[Создается в Великой кузнице]",,,
Перчатки Армагеддона,110,,"Атака +3666
Ловкость +2000
Скорость атаки +3.0
Крит (5% х6) у Снайпера шанс в 3 раза больше","Перчатка Уничтожения
Кольцо Смерти
Несправедливость
Эссенция гибели
[Создается в Великой кузнице]",,,
Шаги Смерти,120,,"Сила +1500
Атака +1500
Скорость атаки +0.8
Скорость бега +75
Раз в 5 сек. наносит 100000 + Основной стат х10 урона основной цели и 25000 + Основной Стат х8 в 250 АоЕ (босс получает на 50% больше урона)
Снижает Скорость атаки всех врагов получивших урон на 15% на 5 сек.","Когти антиматерии 
Шипастые сапоги
Кольцо Смерти
Эссенция гибели
Эссенция Высшей жизни
[Создается в Великой кузнице]",,,
Рассекатель душ,120,,"Сила +800
Ловкость +910
Атака +4650
Скорость атаки +1.35
Крит (5% х5)
Стан (5% Атака х4, 2 сек.) 
Радиус +500
Устойчивость к магии +15% 
25% шанс при убийстве на трансмутацию ближайшего врага, также +1500 Хп, +3 Мп, +0.7 скорости атаки и +1000 атаки на 5 сек. 
Следующая атака в течение 3х сек по цели наносит 750000 урона.
Награда за убийство (+75)","Продавец душ
Вдова
Жнец
Эссенция гибели
Эссенция Жизни
[Создается в Великой кузнице]",,,
Смертельная сущность,120,,"Все статы +1500
Скорость атаки +3.0
Скорость бега +75
Аура Скорости бега +25%","Сила Демона v2.0
Кольцо Смерти
Эссенция гибели
Эссенция Высшей жизни
[Создается в Великой кузнице]",,,
Шок-винтовка-XL,120,Снайпер,"Ловкость +800
Атака +3250
Радиус +600
5% шанс вызвать Магический ожог (175 AoE, 25% от атаки + 1000% от ловкости урона, не более 500000) возле цели
5% шанс создать Духа Летаргии живет 5 сек, наносящего раз в секунду по 175 АоЕ Ловкость х6.5 + Атака х0.45 магического урона, задетые противники замедляются на 10%
Каждую атаку Снайпер восстанавливает 0.15% хп
(Актив) Вызывает Духа Летаргии на 15 сек.","Сонный парализатор
Могильный холод
Эссенция гибели
[Создается в Великой кузнице]",,,
Шок-XXL,120,Сталкер,"Сила +1000
Атака +3000
Скорость атаки +1.4
Хп +10000
Шанс 5% восстановить 1% хп
Шанс 25% нанести 1000% от силы урона (шанс 25% удвоить урон этот)
Q в течении 3 сек. шанс 33% нанести 1000% от атаки урона
T в течении 10 сек. при получении урона выпускает во врага молнию наносящую 1000% от атаки урона (не более 200000)","Охотник
Амулет Смерти
Эссенция Огня
Эссенция гибели
[Создается в Великой кузнице]",,,
Броня Смертника,120,Подрывник,"Хп +30000
Защита +400
Скорость бега +100
Устойчивость к магии +10%
Урон способностей +100%
Шанс при касте 10% увеличить урон способности на 50%
При использовании способностей теряет 20% текущего хп","Нестабильный реактор
Накидка Смерти
Эссенция гибели
[Создается в Великой кузнице]",,,
Могильный холод,110,,"Шанс 5% заблокировать полученный урон и восстановить 3% хп
Шанс 5% при получении урона вызвать Магический ожог (300 AoE, 100000 урона) возле врага","Амулет Смерти
Кандалы Зависти
Эссенция гибели
[Создается в Великой кузнице]",,,
Меч Пустоты,120,,"Основной стат +960
Атака +5000
Скорость атаки +1.4
Скорость бега +85
При убийстве восстанавливает 1000 хп
Шанс 2% вызвать Магический ожог (150 AoE, 4% от макс хп цели), если это босс вместо ожога наносит 3500% от статов маг. урона, шанс у Снайпера в 3 раза больше","Пустота
Алебарда Похоти
Несправедливость
Могильный холод
Эссенция гибели
[Создается в Великой кузнице]",,,
Убийца королей,120,Снайпер,"Ловкость +1000
Атака +6000
Скорость бега +40
(Пассив) шанс 15% нанести 1000% от ловкости + 22000 урона за волну, шанс 25% удвоить этот урон
[Удвоение урона пассивки вызывает само себя пока шанс не перестанет прокать]
(Актив) +50% атаки на 5 сек.","Экзотика
Амулет Смерти
Несправедливость
Клык Зависти
Эссенция гибели
[Создается в Великой кузнице]",,,
Охотник на усопших,120,Сталкер,"Сила +1000
Атака +10000
Скорость бега +40
Поглощение урона +5%
Шанс 15% нанести 200% от макс хп и восстановить 25% от атаки хп, шанс 25% удвоить этот урон и лечение
[Удвоение урона/лечения пассивки вызывает само себя пока шанс не перестанет прокать]
(Актив) восстанавливает 10% хп","Охотник на ведьм
Амулет Смерти
Несправедливость
Клык Зависти
Эссенция гибели
[Создается в Великой кузнице]",,,
Штормовой убийца,120,,"Все статы +700
Основной стат +900
Регенерация ХП +500
Регенерация МП +2.5
Пассив: каждая 4-я атака вызывает молнию (наносит 200 * Уровень + 800% от статов (для Снайпера 800 от Уровня) магического урона)
Актив: вызвать шторм в 300 АоЕ на 10с. Каждый выстрел внутри зоны наносит Осн.стат×20 урона, восстанавливает 2 МП","Шторм
Жнец
Клык Зависти
Эссенция гибели
[Создается в Великой кузнице]",,,
Маска Некромантии,,,,,,,
Осколок смерти,,,Дроп с босса и мини-боссов 61-64,,,,
Эссенция гибели,,,Эта эссенция наполнина смертью и отчаянием,"Осколок смерти
Осколок смерти
Осколок смерти
Осколок смерти
Осколок смерти",,,
,Предметы из Истинной Смерти (рек. уровень 200),,,,,,
,"Повторная часть босса гарантированно не выпадет если дать ее любому юниту и тот будет жив в момент смерти босса
(не влияет сложность от кол-ва игроков и дабл дроп)",,,,,,
Кольцо Истинной Смерти,120,,"Дроп с босса
Ловкость +2000
Удача -5",,,,
Накидка Истинной Смерти,120,,"Дроп с босса
Разум +2000
Удача -5",,,,
Плащ Истинной Смерти,120,,"Дроп с босса
Сила +2000
Удача -5",,,,
Коса Истинной Смерти,120,,"Дроп с босса
Атака +10000
Удача -5",,,,
Левое крыло Истинной Смерти,120,,"Дроп с босса
Защита +500
Удача -5",,,,
Правое крыло Истинной Смерти,120,,"Дроп с босса
Устойчивость к магии +20%
Удача -5",,,,
Сет Истинной Смерти,120,,"Все статы +1500
Основной стат +1000
Атака +8000
Защита +400
Устойчивость к магии +18%
Поглощение урона +5%
Магический ожог +100% урона
Подавление Танатофобии
Шанс 5% уменьшить хп врага в 2 раза (шанс у Снайпера в 3 раза больше, не работает на боссов)","Кольцо Истинной Смерти
Накидка Истинной Смерти
Плащ Истинной Смерти
Коса Истинной Смерти
Левое крыло Истинной Смерти
Правое крыло Истинной Смерти
[Создается в Великой кузнице]",,,